[
{
    "model": "sessions.session",
    "pk": "2r9bruus4u5m0z85v6u2qpihleytzc85",
    "fields": {
        "session_data": ".eJxVzMsOwiAQheF3YW1I2wECrox7n4EMzGCrLZheEhPjuytJF7o-3_lfwuO29n5bePYDiaNAmoZ84idOj5FlLJM4_JqA8c65QrphvpavyOs8BFmJ3NdFXgrxeN7tX6DHpa_voAAsGKc6bIGgaxza1gbWBjSriA0bRxi1dboxxlLqIKZkAyZIKjrx_gBAoz5R:1pua3d:_NFz8Q5SHfpSETz13J-_EN3CRASvXxe8w-oKeZANsmU",
        "expire_date": "2023-05-18T14:35:45.763Z"
    }
},
{
    "model": "sessions.session",
    "pk": "5n8y2e1ks5a91qqhinp9tj3eazs3tfkv",
    "fields": {
        "session_data": ".eJxVzMsOwiAQheF3YW1I2wECrox7n4EMzGCrLZheEhPjuytJF7o-3_lfwuO29n5bePYDiaNAmoZ84idOj5FlLJM4_JqA8c65QrphvpavyOs8BFmJ3NdFXgrxeN7tX6DHpa_voAAsGKc6bIGgaxza1gbWBjSriA0bRxi1dboxxlLqIKZkAyZIKjrx_gBAoz5R:1poPLY:fWtJQLIldpt8CDYpj4HAfkqhBvQgdFHJabUmJXp4zTI",
        "expire_date": "2023-05-01T13:56:44.400Z"
    }
},
{
    "model": "sessions.session",
    "pk": "c59bq5uytctag8j62uhxyemxmxpxbzr5",
    "fields": {
        "session_data": ".eJxVzMsOwiAQheF3YW0ITMEWV8a9z0AGZrDVFkwviYnx3W2TLnR9vvO_hcdlbv0y8eg7EieBNHT5zC8cnj3LWAZx-DUB44PzBumO-VZWkeexC3Ijcl8neS3E_WW3f4EWp3Z9K1RBE2kOCYBTAqoUEhhw1jhO5gi6dkZHjQ1W1nETKRES17UltMmIzxdzDz8p:1q7DSQ:EJxeTDs5r8YS-01XgpqpFWGnC8hvIEkZSu514VzpX0Y",
        "expire_date": "2023-06-22T11:05:34.739Z"
    }
},
{
    "model": "sessions.session",
    "pk": "hh8b1pfooc32jp9fic4itx3rzjhn3d6a",
    "fields": {
        "session_data": ".eJxVzMsOwiAQheF3YW1I2wECrox7n4EMzGCrLZheEhPjuytJF7o-3_lfwuO29n5bePYDiaNAmoZ84idOj5FlLJM4_JqA8c65QrphvpavyOs8BFmJ3NdFXgrxeN7tX6DHpa_voAAsGKc6bIGgaxza1gbWBjSriA0bRxi1dboxxlLqIKZkAyZIKjrx_gBAoz5R:1px6HX:oCqkftMzpukZcx7XWp36tkdaLrQjXI9ul0ioDw78skw",
        "expire_date": "2023-05-25T13:24:31.302Z"
    }
},
{
    "model": "sessions.session",
    "pk": "pprszebcsv7c5km88gtcfkux8ku36mhg",
    "fields": {
        "session_data": ".eJxVzMsOwiAQheF3YW0ITMEWV8a9z0AGZrDVFkwviYnx3W2TLnR9vvO_hcdlbv0y8eg7EieBNHT5zC8cnj3LWAZx-DUB44PzBumO-VZWkeexC3Ijcl8neS3E_WW3f4EWp3Z9K1RBE2kOCYBTAqoUEhhw1jhO5gi6dkZHjQ1W1nETKRES17UltMmIzxdzDz8p:1qBDjR:GYGE63hGnfa1NULTLxmOB3kOzBwBsIjsdgLIOyH6_Ew",
        "expire_date": "2023-07-03T12:11:41.905Z"
    }
},
{
    "model": "cms.pagecategorytype",
    "pk": 2,
    "fields": {
        "safe_deleted": false,
        "identifier": "FOOTER"
    }
},
{
    "model": "cms.pagecategorytype",
    "pk": 3,
    "fields": {
        "safe_deleted": false,
        "identifier": "HEADER"
    }
},
{
    "model": "cms.pagecategorytype",
    "pk": 4,
    "fields": {
        "safe_deleted": false,
        "identifier": "HOMEPAGE"
    }
},
{
    "model": "cms.pagecategorytranslation",
    "pk": 7,
    "fields": {
        "language_code": "en",
        "title": "mnam",
        "master": 7
    }
},
{
    "model": "cms.pagecategorytranslation",
    "pk": 8,
    "fields": {
        "language_code": "en",
        "title": "About us",
        "master": 6
    }
},
{
    "model": "cms.pagecategorytranslation",
    "pk": 9,
    "fields": {
        "language_code": "cs",
        "title": "O nás",
        "master": 6
    }
},
{
    "model": "cms.pagecategorytranslation",
    "pk": 10,
    "fields": {
        "language_code": "en",
        "title": "Contact",
        "master": 8
    }
},
{
    "model": "cms.pagecategorytranslation",
    "pk": 11,
    "fields": {
        "language_code": "cs",
        "title": "Kontakt",
        "master": 8
    }
},
{
    "model": "cms.pagecategorytranslation",
    "pk": 12,
    "fields": {
        "language_code": "en",
        "title": "Order",
        "master": 9
    }
},
{
    "model": "cms.pagecategorytranslation",
    "pk": 13,
    "fields": {
        "language_code": "cs",
        "title": "Objednávka",
        "master": 9
    }
},
{
    "model": "cms.pagecategorytranslation",
    "pk": 14,
    "fields": {
        "language_code": "en",
        "title": "Main links",
        "master": 11
    }
},
{
    "model": "cms.pagecategorytranslation",
    "pk": 15,
    "fields": {
        "language_code": "cs",
        "title": "Hlavní odkazy",
        "master": 11
    }
},
{
    "model": "cms.pagecategory",
    "pk": 6,
    "fields": {
        "sort_order": 0,
        "safe_deleted": false,
        "published": true,
        "code": "ABOUT-US",
        "ordering": 0,
        "image": "",
        "type": [
            2
        ]
    }
},
{
    "model": "cms.pagecategory",
    "pk": 8,
    "fields": {
        "sort_order": 0,
        "safe_deleted": false,
        "published": true,
        "code": "CONTACT",
        "ordering": 0,
        "image": "",
        "type": [
            2
        ]
    }
},
{
    "model": "cms.pagecategory",
    "pk": 9,
    "fields": {
        "sort_order": 0,
        "safe_deleted": false,
        "published": true,
        "code": "ORDER",
        "ordering": 0,
        "image": "",
        "type": [
            2
        ]
    }
},
{
    "model": "cms.pagecategory",
    "pk": 11,
    "fields": {
        "sort_order": 0,
        "safe_deleted": false,
        "published": true,
        "code": "MAIN-LINKS",
        "ordering": 0,
        "image": "",
        "type": [
            3
        ]
    }
},
{
    "model": "cms.page",
    "pk": 4,
    "fields": {
        "polymorphic_ctype": [
            "cms",
            "pagefrontend"
        ],
        "safe_deleted": true,
        "published": false,
        "ordering": 0,
        "recommended": false,
        "categories": []
    }
},
{
    "model": "cms.page",
    "pk": 5,
    "fields": {
        "polymorphic_ctype": [
            "cms",
            "pagecms"
        ],
        "safe_deleted": false,
        "published": true,
        "ordering": 0,
        "recommended": false,
        "categories": [
            6
        ]
    }
},
{
    "model": "cms.page",
    "pk": 6,
    "fields": {
        "polymorphic_ctype": [
            "cms",
            "pagecms"
        ],
        "safe_deleted": true,
        "published": false,
        "ordering": 0,
        "recommended": false,
        "categories": []
    }
},
{
    "model": "cms.page",
    "pk": 7,
    "fields": {
        "polymorphic_ctype": [
            "cms",
            "pagecms"
        ],
        "safe_deleted": true,
        "published": false,
        "ordering": 0,
        "recommended": false,
        "categories": []
    }
},
{
    "model": "cms.page",
    "pk": 8,
    "fields": {
        "polymorphic_ctype": [
            "cms",
            "pagecms"
        ],
        "safe_deleted": false,
        "published": true,
        "ordering": 0,
        "recommended": false,
        "categories": [
            6
        ]
    }
},
{
    "model": "cms.page",
    "pk": 13,
    "fields": {
        "polymorphic_ctype": [
            "cms",
            "pagecms"
        ],
        "safe_deleted": true,
        "published": true,
        "ordering": 0,
        "recommended": false,
        "categories": []
    }
},
{
    "model": "cms.page",
    "pk": 14,
    "fields": {
        "polymorphic_ctype": [
            "cms",
            "pagecms"
        ],
        "safe_deleted": false,
        "published": true,
        "ordering": 0,
        "recommended": false,
        "categories": [
            8,
            11
        ]
    }
},
{
    "model": "cms.page",
    "pk": 15,
    "fields": {
        "polymorphic_ctype": [
            "cms",
            "pagecms"
        ],
        "safe_deleted": false,
        "published": true,
        "ordering": 0,
        "recommended": false,
        "categories": [
            9
        ]
    }
},
{
    "model": "cms.page",
    "pk": 16,
    "fields": {
        "polymorphic_ctype": [
            "cms",
            "pagecms"
        ],
        "safe_deleted": false,
        "published": true,
        "ordering": 0,
        "recommended": false,
        "categories": [
            9
        ]
    }
},
{
    "model": "cms.pagecmstranslation",
    "pk": 1,
    "fields": {
        "language_code": "en",
        "slug": "terms-and-conditions",
        "title": "Terms & conditions",
        "content": {
            "time": 1682362183705,
            "blocks": [
                {
                    "id": "ckMlxEyIwT",
                    "type": "header",
                    "data": {
                        "text": "Terms &amp; condition of our stupid corporation",
                        "level": 2
                    }
                },
                {
                    "id": "QcB22KidKQ",
                    "type": "paragraph",
                    "data": {
                        "text": "you pay, we get money"
                    }
                },
                {
                    "id": "2PRkpsUPQ5",
                    "type": "paragraph",
                    "data": {
                        "text": "yep"
                    }
                }
            ],
            "version": "2.26.5"
        },
        "master": 5
    }
},
{
    "model": "cms.pagecmstranslation",
    "pk": 2,
    "fields": {
        "language_code": "en",
        "slug": "privacy-condition",
        "title": "Privacy condition",
        "content": {
            "time": 1687851117661,
            "blocks": [
                {
                    "id": "HvBWIh4GOb",
                    "type": "paragraph",
                    "data": {
                        "text": "lol, sure"
                    }
                },
                {
                    "id": "GEIuOZ8HlX",
                    "type": "image",
                    "data": {
                        "file": {
                            "url": "http://localhost:8000/media/editorjs/1682512632.jpg"
                        },
                        "caption": "",
                        "withBorder": false,
                        "stretched": false,
                        "withBackground": false
                    }
                }
            ],
            "version": "2.26.5"
        },
        "master": 8
    }
},
{
    "model": "cms.pagecmstranslation",
    "pk": 3,
    "fields": {
        "language_code": "cs",
        "slug": "obchodni-podminky",
        "title": "Obchodní podmínky",
        "content": {
            "time": 1682362353699,
            "blocks": [
                {
                    "id": "KZFz2YOlX-",
                    "type": "header",
                    "data": {
                        "text": "Obchodní podmínky skvělé korporace",
                        "level": 2
                    }
                },
                {
                    "id": "r6_lZDtXzV",
                    "type": "paragraph",
                    "data": {
                        "text": "Ano"
                    }
                },
                {
                    "id": "pt0Km7ynP9",
                    "type": "paragraph",
                    "data": {
                        "text": "Naše podmínky"
                    }
                }
            ],
            "version": "2.26.5"
        },
        "master": 5
    }
},
{
    "model": "cms.pagecmstranslation",
    "pk": 5,
    "fields": {
        "language_code": "en",
        "slug": "test",
        "title": "test",
        "content": null,
        "master": 13
    }
},
{
    "model": "cms.pagecmstranslation",
    "pk": 6,
    "fields": {
        "language_code": "en",
        "slug": "contact",
        "title": "Contact",
        "content": {
            "time": 1687861454428,
            "blocks": [
                {
                    "id": "qNrlKPbZkQ",
                    "type": "paragraph",
                    "data": {
                        "text": "+420 321 456 789"
                    }
                },
                {
                    "id": "YPjITWvUEr",
                    "type": "paragraph",
                    "data": {
                        "text": "<b>support@ecoseller.io</b>"
                    }
                }
            ],
            "version": "2.26.5"
        },
        "master": 14
    }
},
{
    "model": "cms.pagecmstranslation",
    "pk": 7,
    "fields": {
        "language_code": "cs",
        "slug": "kontakt",
        "title": "Kontakt",
        "content": {
            "time": 1687851153066,
            "blocks": [
                {
                    "id": "MFcc7QOdCM",
                    "type": "paragraph",
                    "data": {
                        "text": "+420 123 456 789"
                    }
                },
                {
                    "id": "38lmvxSyT8",
                    "type": "paragraph",
                    "data": {
                        "text": "info@ecoseller.io"
                    }
                }
            ],
            "version": "2.26.5"
        },
        "master": 14
    }
},
{
    "model": "cms.pagecmstranslation",
    "pk": 8,
    "fields": {
        "language_code": "en",
        "slug": "shipping-and-payment",
        "title": "Shipping & payment",
        "content": {
            "time": 1687851197587,
            "blocks": [
                {
                    "id": "lYY98u0qxi",
                    "type": "paragraph",
                    "data": {
                        "text": "Česká Pošta"
                    }
                },
                {
                    "id": "XJMrbMWoBb",
                    "type": "paragraph",
                    "data": {
                        "text": "PPL"
                    }
                },
                {
                    "id": "azQfUYlDRq",
                    "type": "paragraph",
                    "data": {
                        "text": "DHL"
                    }
                },
                {
                    "id": "-mrygV35no",
                    "type": "paragraph",
                    "data": {
                        "text": "DPD"
                    }
                }
            ],
            "version": "2.26.5"
        },
        "master": 15
    }
},
{
    "model": "cms.pagecmstranslation",
    "pk": 9,
    "fields": {
        "language_code": "cs",
        "slug": "doprava-and-platba",
        "title": "Doprava & Platba",
        "content": {
            "time": 1687851194111,
            "blocks": [
                {
                    "id": "dP6EolqdB7",
                    "type": "paragraph",
                    "data": {
                        "text": "Česká Pošta"
                    }
                },
                {
                    "id": "m9iUgG305e",
                    "type": "paragraph",
                    "data": {
                        "text": "PPL"
                    }
                },
                {
                    "id": "mRbdqtKAcR",
                    "type": "paragraph",
                    "data": {
                        "text": "DHL"
                    }
                },
                {
                    "id": "CP5dq9EOi8",
                    "type": "paragraph",
                    "data": {
                        "text": "DPD"
                    }
                }
            ],
            "version": "2.26.5"
        },
        "master": 15
    }
},
{
    "model": "cms.pagecmstranslation",
    "pk": 10,
    "fields": {
        "language_code": "en",
        "slug": "test",
        "title": "Test",
        "content": null,
        "master": 16
    }
},
{
    "model": "cms.pagecmstranslation",
    "pk": 11,
    "fields": {
        "language_code": "cs",
        "slug": "test",
        "title": "Test",
        "content": null,
        "master": 16
    }
},
{
    "model": "cms.pagecms",
    "pk": 5,
    "fields": {}
},
{
    "model": "cms.pagecms",
    "pk": 6,
    "fields": {}
},
{
    "model": "cms.pagecms",
    "pk": 7,
    "fields": {}
},
{
    "model": "cms.pagecms",
    "pk": 8,
    "fields": {}
},
{
    "model": "cms.pagecms",
    "pk": 13,
    "fields": {}
},
{
    "model": "cms.pagecms",
    "pk": 14,
    "fields": {}
},
{
    "model": "cms.pagecms",
    "pk": 15,
    "fields": {}
},
{
    "model": "cms.pagecms",
    "pk": 16,
    "fields": {}
},
{
    "model": "cms.pagefrontend",
    "pk": 4,
    "fields": {
        "frontend_path": "/contact"
    }
},
{
    "model": "cart.shippingmethodtranslation",
    "pk": 1,
    "fields": {
        "language_code": "en",
        "title": "DHL701WWWaaaa",
        "description": "Fast delivery2",
        "master": null
    }
},
{
    "model": "cart.shippingmethodtranslation",
    "pk": 2,
    "fields": {
        "language_code": "cs",
        "title": "DHL",
        "description": "Rychlé doručení",
        "master": null
    }
},
{
    "model": "cart.shippingmethodtranslation",
    "pk": 3,
    "fields": {
        "language_code": "en",
        "title": "DHL",
        "description": "24 hour shipping",
        "master": 1
    }
},
{
    "model": "cart.shippingmethodtranslation",
    "pk": 4,
    "fields": {
        "language_code": "cs",
        "title": "DHL",
        "description": "Doručení do 24 hodin.",
        "master": 1
    }
},
{
    "model": "cart.shippingmethodtranslation",
    "pk": 5,
    "fields": {
        "language_code": "en",
        "title": "DPD",
        "description": null,
        "master": 4
    }
},
{
    "model": "cart.shippingmethodtranslation",
    "pk": 6,
    "fields": {
        "language_code": "cs",
        "title": "DPD",
        "description": null,
        "master": 4
    }
},
{
    "model": "cart.shippingmethodtranslation",
    "pk": 7,
    "fields": {
        "language_code": "en",
        "title": "Czech post",
        "description": null,
        "master": 5
    }
},
{
    "model": "cart.shippingmethodtranslation",
    "pk": 8,
    "fields": {
        "language_code": "cs",
        "title": "Česká Pošta",
        "description": null,
        "master": 5
    }
},
{
    "model": "cart.shippingmethod",
    "pk": 1,
    "fields": {
        "safe_deleted": false,
        "image": "shipping_method/1_dqi8mZ1.png",
        "update_at": "2023-06-12T11:06:11.551Z",
        "create_at": "2023-05-09T08:37:04.391Z"
    }
},
{
    "model": "cart.shippingmethod",
    "pk": 4,
    "fields": {
        "safe_deleted": false,
        "image": "shipping_method/4.png",
        "update_at": "2023-06-19T12:00:12.899Z",
        "create_at": "2023-05-09T15:22:20.159Z"
    }
},
{
    "model": "cart.shippingmethod",
    "pk": 5,
    "fields": {
        "safe_deleted": false,
        "image": "",
        "update_at": "2023-05-09T18:08:16.779Z",
        "create_at": "2023-05-09T18:07:57.145Z"
    }
},
{
    "model": "cart.shippingmethodcountry",
    "pk": 2,
    "fields": {
        "safe_deleted": false,
        "shipping_method": 4,
        "country": "de",
        "currency": "EUR",
        "vat_group": 2,
        "price": "5.00",
        "is_active": true,
        "update_at": "2023-05-09T15:30:25.389Z",
        "create_at": "2023-05-09T15:30:25.389Z",
        "payment_methods": []
    }
},
{
    "model": "cart.shippingmethodcountry",
    "pk": 3,
    "fields": {
        "safe_deleted": false,
        "shipping_method": 4,
        "country": "cz",
        "currency": "CZK",
        "vat_group": 1,
        "price": "100.00",
        "is_active": true,
        "update_at": "2023-06-19T12:00:11.879Z",
        "create_at": "2023-05-09T15:30:37.225Z",
        "payment_methods": [
            1,
            6,
            7
        ]
    }
},
{
    "model": "cart.shippingmethodcountry",
    "pk": 4,
    "fields": {
        "safe_deleted": false,
        "shipping_method": 1,
        "country": "de",
        "currency": "EUR",
        "vat_group": 2,
        "price": "6.00",
        "is_active": true,
        "update_at": "2023-05-18T08:48:48.611Z",
        "create_at": "2023-05-09T15:31:10.142Z",
        "payment_methods": [
            3
        ]
    }
},
{
    "model": "cart.paymentmethodtranslation",
    "pk": 1,
    "fields": {
        "language_code": "en",
        "title": "Cash on delivery",
        "description": "Pay to currier by card or in cash.",
        "master": 1
    }
},
{
    "model": "cart.paymentmethodtranslation",
    "pk": 2,
    "fields": {
        "language_code": "cs",
        "title": "Dobírka",
        "description": "Platba při převzetí.",
        "master": 1
    }
},
{
    "model": "cart.paymentmethodtranslation",
    "pk": 5,
    "fields": {
        "language_code": "en",
        "title": "Bank Transfer",
        "description": null,
        "master": 3
    }
},
{
    "model": "cart.paymentmethodtranslation",
    "pk": 6,
    "fields": {
        "language_code": "cs",
        "title": "Platba převodem",
        "description": null,
        "master": 3
    }
},
{
    "model": "cart.paymentmethodtranslation",
    "pk": 7,
    "fields": {
        "language_code": "en",
        "title": "Online payment gateway",
        "description": null,
        "master": 4
    }
},
{
    "model": "cart.paymentmethodtranslation",
    "pk": 8,
    "fields": {
        "language_code": "cs",
        "title": "Online platba",
        "description": null,
        "master": 4
    }
},
{
    "model": "cart.paymentmethod",
    "pk": 1,
    "fields": {
        "safe_deleted": false,
        "image": "payment_method/1.png",
        "update_at": "2023-05-09T15:22:47.151Z",
        "create_at": "2023-05-09T13:13:58.403Z"
    }
},
{
    "model": "cart.paymentmethod",
    "pk": 3,
    "fields": {
        "safe_deleted": false,
        "image": "",
        "update_at": "2023-06-02T13:40:55.347Z",
        "create_at": "2023-05-09T18:10:22.898Z"
    }
},
{
    "model": "cart.paymentmethod",
    "pk": 4,
    "fields": {
        "safe_deleted": false,
        "image": "",
        "update_at": "2023-06-05T05:14:29.228Z",
        "create_at": "2023-06-02T13:41:03.626Z"
    }
},
{
    "model": "cart.paymentmethodcountry",
    "pk": 1,
    "fields": {
        "safe_deleted": false,
        "payment_method": 1,
        "country": "cz",
        "currency": "CZK",
        "vat_group": 1,
        "price": "40.00",
        "is_active": true,
        "api_request": null,
        "update_at": "2023-05-09T14:45:10.431Z",
        "create_at": "2023-05-09T14:45:10.431Z"
    }
},
{
    "model": "cart.paymentmethodcountry",
    "pk": 3,
    "fields": {
        "safe_deleted": false,
        "payment_method": 1,
        "country": "de",
        "currency": "EUR",
        "vat_group": 2,
        "price": "2.00",
        "is_active": true,
        "api_request": null,
        "update_at": "2023-05-09T15:22:46.018Z",
        "create_at": "2023-05-09T15:22:46.018Z"
    }
},
{
    "model": "cart.paymentmethodcountry",
    "pk": 6,
    "fields": {
        "safe_deleted": false,
        "payment_method": 4,
        "country": "cz",
        "currency": "CZK",
        "vat_group": 1,
        "price": "0.00",
        "is_active": true,
        "api_request": "TEST_API",
        "update_at": "2023-06-12T11:51:45.714Z",
        "create_at": "2023-06-02T13:41:42.621Z"
    }
},
{
    "model": "cart.paymentmethodcountry",
    "pk": 7,
    "fields": {
        "safe_deleted": false,
        "payment_method": 3,
        "country": "cz",
        "currency": "CZK",
        "vat_group": 1,
        "price": "0.00",
        "is_active": true,
        "api_request": "BANKTRANSFER_CZK",
        "update_at": "2023-06-19T11:59:58.675Z",
        "create_at": "2023-06-19T11:59:58.675Z"
    }
},
{
    "model": "cart.cartitem",
    "pk": 33,
    "fields": {
        "cart": "bbe1dd32-c328-406e-a042-7c868aa16230",
        "product_variant": "espresso250",
        "product": 1,
        "unit_price_without_vat": "211.75",
        "unit_price_incl_vat": "175.00",
        "discount": null,
        "quantity": 1
    }
},
{
    "model": "cart.cartitem",
    "pk": 34,
    "fields": {
        "cart": "f95a7979-e682-42e2-bfd6-207782c72290",
        "product_variant": "espresso250",
        "product": 1,
        "unit_price_without_vat": "211.75",
        "unit_price_incl_vat": "175.00",
        "discount": null,
        "quantity": 1
    }
},
{
    "model": "cart.cartitem",
    "pk": 35,
    "fields": {
        "cart": "f95a7979-e682-42e2-bfd6-207782c72290",
        "product_variant": "espresso250",
        "product": 1,
        "unit_price_without_vat": "211.75",
        "unit_price_incl_vat": "175.00",
        "discount": null,
        "quantity": 1
    }
},
{
    "model": "cart.cartitem",
    "pk": 36,
    "fields": {
        "cart": "f95a7979-e682-42e2-bfd6-207782c72290",
        "product_variant": "espresso250",
        "product": 1,
        "unit_price_without_vat": "211.75",
        "unit_price_incl_vat": "175.00",
        "discount": null,
        "quantity": 1
    }
},
{
    "model": "cart.cartitem",
    "pk": 37,
    "fields": {
        "cart": "f95a7979-e682-42e2-bfd6-207782c72290",
        "product_variant": "espresso250",
        "product": 1,
        "unit_price_without_vat": "211.75",
        "unit_price_incl_vat": "175.00",
        "discount": null,
        "quantity": 1
    }
},
{
    "model": "cart.cartitem",
    "pk": 38,
    "fields": {
        "cart": "f95a7979-e682-42e2-bfd6-207782c72290",
        "product_variant": "espresso250",
        "product": 1,
        "unit_price_without_vat": "211.75",
        "unit_price_incl_vat": "175.00",
        "discount": null,
        "quantity": 1
    }
},
{
    "model": "cart.cartitem",
    "pk": 39,
    "fields": {
        "cart": "6c7c1ead-d136-4e54-8987-89b16c77b9c0",
        "product_variant": "espresso250",
        "product": 1,
        "unit_price_without_vat": "211.75",
        "unit_price_incl_vat": "175.00",
        "discount": null,
        "quantity": 1
    }
},
{
    "model": "cart.cartitem",
    "pk": 40,
    "fields": {
        "cart": "8d251ee7-469c-45c6-874f-b14983a89cda",
        "product_variant": "espresso250",
        "product": 1,
        "unit_price_without_vat": "211.75",
        "unit_price_incl_vat": "175.00",
        "discount": null,
        "quantity": 1
    }
},
{
    "model": "cart.cartitem",
    "pk": 41,
    "fields": {
        "cart": "fa54ced9-5699-45cd-92f8-5cf6b5da402f",
        "product_variant": "espresso250",
        "product": 1,
        "unit_price_without_vat": "211.75",
        "unit_price_incl_vat": "175.00",
        "discount": null,
        "quantity": 1
    }
},
{
    "model": "cart.cartitem",
    "pk": 42,
    "fields": {
        "cart": "f35ee622-2a38-4875-8ece-ee93599ff064",
        "product_variant": "espresso250",
        "product": 1,
        "unit_price_without_vat": "211.75",
        "unit_price_incl_vat": "175.00",
        "discount": null,
        "quantity": 1
    }
},
{
    "model": "cart.cartitem",
    "pk": 43,
    "fields": {
        "cart": "3fd6606f-225e-49f6-af1a-c2477286409a",
        "product_variant": "espresso250",
        "product": 1,
        "unit_price_without_vat": "211.75",
        "unit_price_incl_vat": "175.00",
        "discount": null,
        "quantity": 1
    }
},
{
    "model": "cart.cartitem",
    "pk": 44,
    "fields": {
        "cart": "3fd6606f-225e-49f6-af1a-c2477286409a",
        "product_variant": "espresso250",
        "product": 1,
        "unit_price_without_vat": "211.75",
        "unit_price_incl_vat": "175.00",
        "discount": null,
        "quantity": 1
    }
},
{
    "model": "cart.cartitem",
    "pk": 45,
    "fields": {
        "cart": "3fd6606f-225e-49f6-af1a-c2477286409a",
        "product_variant": "espresso250",
        "product": 1,
        "unit_price_without_vat": "211.75",
        "unit_price_incl_vat": "175.00",
        "discount": null,
        "quantity": 1
    }
},
{
    "model": "cart.cartitem",
    "pk": 46,
    "fields": {
        "cart": "3fd6606f-225e-49f6-af1a-c2477286409a",
        "product_variant": "espresso250",
        "product": 1,
        "unit_price_without_vat": "211.75",
        "unit_price_incl_vat": "175.00",
        "discount": null,
        "quantity": 1
    }
},
{
    "model": "cart.cartitem",
    "pk": 47,
    "fields": {
        "cart": "2a9e20d1-6de2-4f66-a4a4-0427a7196efe",
        "product_variant": "espresso250",
        "product": 1,
        "unit_price_without_vat": "211.75",
        "unit_price_incl_vat": "175.00",
        "discount": null,
        "quantity": 3
    }
},
{
    "model": "cart.cartitem",
    "pk": 48,
    "fields": {
        "cart": "2a9e20d1-6de2-4f66-a4a4-0427a7196efe",
        "product_variant": "espresso250",
        "product": 1,
        "unit_price_without_vat": "211.75",
        "unit_price_incl_vat": "175.00",
        "discount": null,
        "quantity": 2
    }
},
{
    "model": "cart.cartitem",
    "pk": 49,
    "fields": {
        "cart": "3fd6606f-225e-49f6-af1a-c2477286409a",
        "product_variant": "espresso250",
        "product": 1,
        "unit_price_without_vat": "211.75",
        "unit_price_incl_vat": "175.00",
        "discount": null,
        "quantity": 2
    }
},
{
    "model": "cart.cartitem",
    "pk": 50,
    "fields": {
        "cart": "3fd6606f-225e-49f6-af1a-c2477286409a",
        "product_variant": "espresso250",
        "product": 1,
        "unit_price_without_vat": "211.75",
        "unit_price_incl_vat": "175.00",
        "discount": null,
        "quantity": 4
    }
},
{
    "model": "cart.cartitem",
    "pk": 51,
    "fields": {
        "cart": "3fd6606f-225e-49f6-af1a-c2477286409a",
        "product_variant": "espresso250",
        "product": 1,
        "unit_price_without_vat": "211.75",
        "unit_price_incl_vat": "175.00",
        "discount": null,
        "quantity": 5
    }
},
{
    "model": "cart.cartitem",
    "pk": 52,
    "fields": {
        "cart": "3fd6606f-225e-49f6-af1a-c2477286409a",
        "product_variant": "espresso250",
        "product": 1,
        "unit_price_without_vat": "211.75",
        "unit_price_incl_vat": "175.00",
        "discount": null,
        "quantity": 3
    }
},
{
    "model": "cart.cartitem",
    "pk": 53,
    "fields": {
        "cart": "3fd6606f-225e-49f6-af1a-c2477286409a",
        "product_variant": "espresso250",
        "product": 1,
        "unit_price_without_vat": "211.75",
        "unit_price_incl_vat": "175.00",
        "discount": null,
        "quantity": 2
    }
},
{
    "model": "cart.cartitem",
    "pk": 54,
    "fields": {
        "cart": "3fd6606f-225e-49f6-af1a-c2477286409a",
        "product_variant": "espresso250",
        "product": 1,
        "unit_price_without_vat": "211.75",
        "unit_price_incl_vat": "175.00",
        "discount": null,
        "quantity": 3
    }
},
{
    "model": "cart.cartitem",
    "pk": 55,
    "fields": {
        "cart": "3fd6606f-225e-49f6-af1a-c2477286409a",
        "product_variant": "espresso250",
        "product": 1,
        "unit_price_without_vat": "211.75",
        "unit_price_incl_vat": "175.00",
        "discount": null,
        "quantity": 3
    }
},
{
    "model": "cart.cartitem",
    "pk": 56,
    "fields": {
        "cart": "3fd6606f-225e-49f6-af1a-c2477286409a",
        "product_variant": "espresso250",
        "product": 1,
        "unit_price_without_vat": "211.75",
        "unit_price_incl_vat": "175.00",
        "discount": null,
        "quantity": 2
    }
},
{
    "model": "cart.cartitem",
    "pk": 57,
    "fields": {
        "cart": "3fd6606f-225e-49f6-af1a-c2477286409a",
        "product_variant": "espresso250",
        "product": 1,
        "unit_price_without_vat": "302.50",
        "unit_price_incl_vat": "250.00",
        "discount": null,
        "quantity": 2
    }
},
{
    "model": "cart.cartitem",
    "pk": 58,
    "fields": {
        "cart": "3fd6606f-225e-49f6-af1a-c2477286409a",
        "product_variant": "espresso250",
        "product": 1,
        "unit_price_without_vat": "302.50",
        "unit_price_incl_vat": "250.00",
        "discount": null,
        "quantity": 100
    }
},
{
    "model": "cart.cartitem",
    "pk": 59,
    "fields": {
        "cart": "3fd6606f-225e-49f6-af1a-c2477286409a",
        "product_variant": "espresso500",
        "product": 1,
        "unit_price_without_vat": "574.75",
        "unit_price_incl_vat": "475.00",
        "discount": null,
        "quantity": 123
    }
},
{
    "model": "cart.cartitem",
    "pk": 60,
    "fields": {
        "cart": "058b40e2-ddb9-461b-9526-0b2caaccd9c2",
        "product_variant": "espresso250",
        "product": 1,
        "unit_price_without_vat": "302.50",
        "unit_price_incl_vat": "250.00",
        "discount": null,
        "quantity": 1
    }
},
{
    "model": "cart.cartitem",
    "pk": 61,
    "fields": {
        "cart": "058b40e2-ddb9-461b-9526-0b2caaccd9c2",
        "product_variant": "espresso500",
        "product": 1,
        "unit_price_without_vat": "574.75",
        "unit_price_incl_vat": "475.00",
        "discount": null,
        "quantity": 2
    }
},
{
    "model": "cart.cartitem",
    "pk": 62,
    "fields": {
        "cart": "6d279669-2b2c-4f6e-957a-14d92cbd324c",
        "product_variant": "espresso250",
        "product": 1,
        "unit_price_without_vat": "302.50",
        "unit_price_incl_vat": "250.00",
        "discount": null,
        "quantity": 1
    }
},
{
    "model": "cart.cartitem",
    "pk": 63,
    "fields": {
        "cart": "a78815a6-d16d-4b13-a49d-a246a5026aba",
        "product_variant": "espresso250",
        "product": 1,
        "unit_price_without_vat": "302.50",
        "unit_price_incl_vat": "250.00",
        "discount": null,
        "quantity": 1
    }
},
{
    "model": "cart.cartitem",
    "pk": 64,
    "fields": {
        "cart": "d61047de-1557-4b9b-9498-f6b60af52977",
        "product_variant": "espresso250",
        "product": 1,
        "unit_price_without_vat": "302.50",
        "unit_price_incl_vat": "250.00",
        "discount": null,
        "quantity": 1
    }
},
{
    "model": "cart.cartitem",
    "pk": 65,
    "fields": {
        "cart": "b77677c8-7a91-415e-93c7-81054220fb62",
        "product_variant": "espresso250",
        "product": 1,
        "unit_price_without_vat": "302.50",
        "unit_price_incl_vat": "250.00",
        "discount": null,
        "quantity": 1
    }
},
{
    "model": "cart.cartitem",
    "pk": 66,
    "fields": {
        "cart": "ef086243-1458-4302-817f-1bd86b69a27d",
        "product_variant": "espresso250",
        "product": 1,
        "unit_price_without_vat": "302.50",
        "unit_price_incl_vat": "250.00",
        "discount": null,
        "quantity": 1
    }
},
{
    "model": "cart.cartitem",
    "pk": 67,
    "fields": {
        "cart": "70e25d64-c201-4855-9f39-047641aaa14b",
        "product_variant": "espresso250",
        "product": 1,
        "unit_price_without_vat": "302.50",
        "unit_price_incl_vat": "250.00",
        "discount": null,
        "quantity": 1
    }
},
{
    "model": "cart.cartitem",
    "pk": 68,
    "fields": {
        "cart": "cc37ef37-b76d-4e65-9bb8-37e95fd1e2d9",
        "product_variant": "espresso250",
        "product": 1,
        "unit_price_without_vat": "302.50",
        "unit_price_incl_vat": "250.00",
        "discount": null,
        "quantity": 1
    }
},
{
    "model": "cart.cartitem",
    "pk": 69,
    "fields": {
        "cart": "bb354f16-7cf3-4e8c-af1a-282c72157c48",
        "product_variant": "espresso250",
        "product": 1,
        "unit_price_without_vat": "302.50",
        "unit_price_incl_vat": "250.00",
        "discount": null,
        "quantity": 1
    }
},
{
    "model": "cart.cartitem",
    "pk": 70,
    "fields": {
        "cart": "b3352f7a-1a72-4825-81b4-c1a50449f3d1",
        "product_variant": "espresso250",
        "product": 1,
        "unit_price_without_vat": "302.50",
        "unit_price_incl_vat": "250.00",
        "discount": null,
        "quantity": 1
    }
},
{
    "model": "cart.cartitem",
    "pk": 71,
    "fields": {
        "cart": "ba6e9264-07d6-447e-97b3-642c166a1fd2",
        "product_variant": "espresso250",
        "product": 1,
        "unit_price_without_vat": "302.50",
        "unit_price_incl_vat": "250.00",
        "discount": null,
        "quantity": 1
    }
},
{
    "model": "cart.cartitem",
    "pk": 72,
    "fields": {
        "cart": "ba6e9264-07d6-447e-97b3-642c166a1fd2",
        "product_variant": "t-shirt-2",
        "product": 4,
        "unit_price_without_vat": "242.00",
        "unit_price_incl_vat": "200.00",
        "discount": null,
        "quantity": 1
    }
},
{
    "model": "cart.cartitem",
    "pk": 73,
    "fields": {
        "cart": "0c2c7f33-6f9e-42cc-9f72-00c2134dfd35",
        "product_variant": "espresso250",
        "product": 1,
        "unit_price_without_vat": "250.00",
        "unit_price_incl_vat": "302.50",
        "discount": null,
        "quantity": 1
    }
},
{
    "model": "cart.cartitem",
    "pk": 74,
    "fields": {
        "cart": "1e967a68-0ace-4c72-8cfb-7e62afffc36f",
        "product_variant": "espresso250",
        "product": 1,
        "unit_price_without_vat": "250.00",
        "unit_price_incl_vat": "302.50",
        "discount": null,
        "quantity": 1
    }
},
{
    "model": "category.categorytranslation",
    "pk": 1,
    "fields": {
        "language_code": "en",
        "title": "Coffee1",
        "meta_title": "",
        "meta_description": "",
        "description": "",
        "description_editorjs": null,
        "slug": "coffee1",
        "master": 1
    }
},
{
    "model": "category.categorytranslation",
    "pk": 2,
    "fields": {
        "language_code": "cs",
        "title": "Káva",
        "meta_title": "",
        "meta_description": "",
        "description": "",
        "description_editorjs": null,
        "slug": "kava",
        "master": 1
    }
},
{
    "model": "category.categorytranslation",
    "pk": 3,
    "fields": {
        "language_code": "en",
        "title": "Beans",
        "meta_title": "",
        "meta_description": "",
        "description": "",
        "description_editorjs": null,
        "slug": "beans",
        "master": 2
    }
},
{
    "model": "category.categorytranslation",
    "pk": 4,
    "fields": {
        "language_code": "cs",
        "title": "zrnková káva",
        "meta_title": "",
        "meta_description": "",
        "description": "",
        "description_editorjs": null,
        "slug": "zrnkova-kava",
        "master": 2
    }
},
{
    "model": "category.categorytranslation",
    "pk": 5,
    "fields": {
        "language_code": "en",
        "title": "Accessories",
        "meta_title": "",
        "meta_description": "",
        "description": "",
        "description_editorjs": null,
        "slug": "accessories",
        "master": 3
    }
},
{
    "model": "category.categorytranslation",
    "pk": 6,
    "fields": {
        "language_code": "cs",
        "title": "Příslušenství",
        "meta_title": "",
        "meta_description": "",
        "description": "",
        "description_editorjs": null,
        "slug": "prislusenstvi",
        "master": 3
    }
},
{
    "model": "category.categorytranslation",
    "pk": 7,
    "fields": {
        "language_code": "en",
        "title": "Grinders",
        "meta_title": "",
        "meta_description": "",
        "description": "",
        "description_editorjs": null,
        "slug": "grinders",
        "master": 4
    }
},
{
    "model": "category.categorytranslation",
    "pk": 8,
    "fields": {
        "language_code": "cs",
        "title": "Mlýnky na kávu",
        "meta_title": "",
        "meta_description": "",
        "description": "",
        "description_editorjs": null,
        "slug": "mlynky-na-kavu",
        "master": 4
    }
},
{
    "model": "category.categorytranslation",
    "pk": 9,
    "fields": {
        "language_code": "en",
        "title": "Grind",
        "meta_title": "",
        "meta_description": "",
        "description": "",
        "description_editorjs": null,
        "slug": "grind",
        "master": 5
    }
},
{
    "model": "category.categorytranslation",
    "pk": 10,
    "fields": {
        "language_code": "cs",
        "title": "Mletá",
        "meta_title": "",
        "meta_description": "",
        "description": "",
        "description_editorjs": null,
        "slug": "mleta",
        "master": 5
    }
},
{
    "model": "category.categorytranslation",
    "pk": 11,
    "fields": {
        "language_code": "en",
        "title": "Light",
        "meta_title": "",
        "meta_description": "",
        "description": "",
        "description_editorjs": null,
        "slug": "light",
        "master": 6
    }
},
{
    "model": "category.categorytranslation",
    "pk": 12,
    "fields": {
        "language_code": "cs",
        "title": "Světlá",
        "meta_title": "",
        "meta_description": "",
        "description": "",
        "description_editorjs": null,
        "slug": "svetla",
        "master": 6
    }
},
{
    "model": "category.categorytranslation",
    "pk": 13,
    "fields": {
        "language_code": "en",
        "title": "Blend",
        "meta_title": "",
        "meta_description": "",
        "description": "",
        "description_editorjs": null,
        "slug": "blend",
        "master": 7
    }
},
{
    "model": "category.categorytranslation",
    "pk": 14,
    "fields": {
        "language_code": "cs",
        "title": "Blend",
        "meta_title": "",
        "meta_description": "",
        "description": "",
        "description_editorjs": null,
        "slug": "blend",
        "master": 7
    }
},
{
    "model": "category.categorytranslation",
    "pk": 15,
    "fields": {
        "language_code": "en",
        "title": "100% arabica",
        "meta_title": "",
        "meta_description": "",
        "description": "",
        "description_editorjs": null,
        "slug": "100-arabica",
        "master": 8
    }
},
{
    "model": "category.categorytranslation",
    "pk": 16,
    "fields": {
        "language_code": "cs",
        "title": "100% arabica",
        "meta_title": "",
        "meta_description": "",
        "description": "",
        "description_editorjs": null,
        "slug": "100-arabica",
        "master": 8
    }
},
{
    "model": "category.category",
    "pk": 1,
    "fields": {
        "safe_deleted": false,
        "parent": null,
        "published": true,
        "update_at": "2023-06-16T12:48:10.287Z",
        "create_at": "2023-04-20T08:44:36.260Z",
        "lft": 1,
        "rght": 12,
        "tree_id": 1,
        "level": 0
    }
},
{
    "model": "category.category",
    "pk": 2,
    "fields": {
        "safe_deleted": false,
        "parent": 1,
        "published": true,
        "update_at": "2023-04-20T08:45:39.308Z",
        "create_at": "2023-04-20T08:45:39.308Z",
        "lft": 2,
        "rght": 9,
        "tree_id": 1,
        "level": 1
    }
},
{
    "model": "category.category",
    "pk": 3,
    "fields": {
        "safe_deleted": false,
        "parent": null,
        "published": true,
        "update_at": "2023-04-20T08:46:00.734Z",
        "create_at": "2023-04-20T08:46:00.734Z",
        "lft": 1,
        "rght": 4,
        "tree_id": 2,
        "level": 0
    }
},
{
    "model": "category.category",
    "pk": 4,
    "fields": {
        "safe_deleted": false,
        "parent": 3,
        "published": true,
        "update_at": "2023-04-20T08:46:38.309Z",
        "create_at": "2023-04-20T08:46:38.309Z",
        "lft": 2,
        "rght": 3,
        "tree_id": 2,
        "level": 1
    }
},
{
    "model": "category.category",
    "pk": 5,
    "fields": {
        "safe_deleted": false,
        "parent": 1,
        "published": true,
        "update_at": "2023-04-20T13:16:51.401Z",
        "create_at": "2023-04-20T13:16:51.401Z",
        "lft": 10,
        "rght": 11,
        "tree_id": 1,
        "level": 1
    }
},
{
    "model": "category.category",
    "pk": 6,
    "fields": {
        "safe_deleted": false,
        "parent": 2,
        "published": true,
        "update_at": "2023-04-20T13:17:06.793Z",
        "create_at": "2023-04-20T13:17:06.793Z",
        "lft": 3,
        "rght": 8,
        "tree_id": 1,
        "level": 2
    }
},
{
    "model": "category.category",
    "pk": 7,
    "fields": {
        "safe_deleted": false,
        "parent": 6,
        "published": true,
        "update_at": "2023-04-26T19:16:23.722Z",
        "create_at": "2023-04-26T19:16:23.722Z",
        "lft": 4,
        "rght": 5,
        "tree_id": 1,
        "level": 3
    }
},
{
    "model": "category.category",
    "pk": 8,
    "fields": {
        "safe_deleted": false,
        "parent": 6,
        "published": true,
        "update_at": "2023-04-26T19:16:44.003Z",
        "create_at": "2023-04-26T19:16:44.003Z",
        "lft": 6,
        "rght": 7,
        "tree_id": 1,
        "level": 3
    }
},
{
    "model": "country.country",
    "pk": "bg",
    "fields": {
        "safe_deleted": false,
        "name": "Bulgaria",
        "locale": "en",
        "default_price_list": "EUR_maloobchod",
        "update_at": "2023-05-11T12:54:27.153Z",
        "create_at": "2023-05-11T12:52:44.997Z"
    }
},
{
    "model": "country.country",
    "pk": "cz",
    "fields": {
        "safe_deleted": false,
        "name": "Česká republika",
        "locale": "cs",
        "default_price_list": "CZK_maloobchod",
        "update_at": "2023-05-28T14:06:33.072Z",
        "create_at": "2023-05-04T14:35:59.701Z"
    }
},
{
    "model": "country.country",
    "pk": "de",
    "fields": {
        "safe_deleted": false,
        "name": "Deutschland",
        "locale": "de",
        "default_price_list": "EUR_maloobchod",
        "update_at": "2023-05-04T14:36:16.964Z",
        "create_at": "2023-05-04T14:36:16.964Z"
    }
},
{
    "model": "country.currency",
    "pk": "CZK",
    "fields": {
        "safe_deleted": false,
        "symbol": "Kč",
        "symbol_position": "AFTER",
        "update_at": "2023-06-16T13:31:12.782Z",
        "create_at": "2023-04-06T08:10:21.083Z"
    }
},
{
    "model": "country.currency",
    "pk": "EUR",
    "fields": {
        "safe_deleted": false,
        "symbol": "€",
        "symbol_position": "AFTER",
        "update_at": "2023-06-16T13:31:12.823Z",
        "create_at": "2023-05-03T14:59:26.970Z"
    }
},
{
    "model": "country.currency",
    "pk": "PLN",
    "fields": {
        "safe_deleted": false,
        "symbol": "zł",
        "symbol_position": "AFTER",
        "update_at": "2023-06-16T13:31:12.786Z",
        "create_at": "2023-05-28T14:44:41.419Z"
    }
},
{
    "model": "country.vatgroup",
    "pk": 1,
    "fields": {
        "safe_deleted": false,
        "name": "STANDARD",
        "rate": "21.00",
        "country": "cz",
        "is_default": true,
        "update_at": "2023-05-05T08:15:45.998Z",
        "create_at": "2023-05-04T19:00:27.896Z"
    }
},
{
    "model": "country.vatgroup",
    "pk": 2,
    "fields": {
        "safe_deleted": false,
        "name": "standard",
        "rate": "19.00",
        "country": "de",
        "is_default": true,
        "update_at": "2023-05-28T14:15:51.425Z",
        "create_at": "2023-05-04T19:45:11.370Z"
    }
},
{
    "model": "country.vatgroup",
    "pk": 3,
    "fields": {
        "safe_deleted": false,
        "name": "Standard",
        "rate": "20.00",
        "country": "cz",
        "is_default": false,
        "update_at": "2023-05-04T19:45:33.939Z",
        "create_at": "2023-05-04T19:45:33.939Z"
    }
},
{
    "model": "country.vatgroup",
    "pk": 4,
    "fields": {
        "safe_deleted": false,
        "name": "REDUCED",
        "rate": "15.00",
        "country": "cz",
        "is_default": false,
        "update_at": "2023-05-05T07:43:58.053Z",
        "create_at": "2023-05-05T07:41:35.089Z"
    }
},
{
    "model": "country.vatgroup",
    "pk": 5,
    "fields": {
        "safe_deleted": false,
        "name": "REDUCED",
        "rate": "15.00",
        "country": "de",
        "is_default": false,
        "update_at": "2023-05-05T07:50:22.711Z",
        "create_at": "2023-05-05T07:50:22.712Z"
    }
},
{
    "model": "country.vatgroup",
    "pk": 7,
    "fields": {
        "safe_deleted": false,
        "name": "Standard",
        "rate": "20.00",
        "country": "bg",
        "is_default": true,
        "update_at": "2023-06-09T14:36:54.638Z",
        "create_at": "2023-06-09T14:36:54.638Z"
    }
},
{
    "model": "order.order",
    "pk": "01d8ad40-932a-4cc3-8b59-13ac1060a6c7",
    "fields": {
        "create_at": "2023-06-12T15:56:30.584Z",
        "status": "PENDING",
        "cart": "d61047de-1557-4b9b-9498-f6b60af52977",
        "marketing_flag": true,
        "agreed_to_terms": true,
        "payment_id": "1234567890"
    }
},
{
    "model": "order.order",
    "pk": "0e2d642e-6c0a-4aea-8629-3f9a9c46bbef",
    "fields": {
        "create_at": "2023-06-12T15:36:05.641Z",
        "status": "PENDING",
        "cart": "a78815a6-d16d-4b13-a49d-a246a5026aba",
        "marketing_flag": true,
        "agreed_to_terms": true,
        "payment_id": "1234567890"
    }
},
{
    "model": "order.order",
    "pk": "291b869f-3d4a-4840-bd3e-9cfb1294c614",
    "fields": {
        "create_at": "2023-06-12T15:55:04.453Z",
        "status": "PENDING",
        "cart": "d61047de-1557-4b9b-9498-f6b60af52977",
        "marketing_flag": true,
        "agreed_to_terms": true,
        "payment_id": null
    }
},
{
    "model": "order.order",
    "pk": "3021868a-2327-4ec3-915e-4b0a6bfe810e",
    "fields": {
        "create_at": "2023-06-12T10:39:42.722Z",
        "status": "PENDING",
        "cart": "6d279669-2b2c-4f6e-957a-14d92cbd324c",
        "marketing_flag": false,
        "agreed_to_terms": false,
        "payment_id": null
    }
},
{
    "model": "order.order",
    "pk": "31172044-4933-4e83-a6e3-8a6b8515008f",
    "fields": {
        "create_at": "2023-06-19T12:00:26.874Z",
        "status": "PENDING",
        "cart": "ba6e9264-07d6-447e-97b3-642c166a1fd2",
        "marketing_flag": true,
        "agreed_to_terms": true,
        "payment_id": "123456789"
    }
},
{
    "model": "order.order",
    "pk": "33aa381d-5e76-4d76-8d58-431cabcf168d",
    "fields": {
        "create_at": "2023-06-12T16:03:43.163Z",
        "status": "PENDING",
        "cart": "70e25d64-c201-4855-9f39-047641aaa14b",
        "marketing_flag": false,
        "agreed_to_terms": true,
        "payment_id": "1234567890"
    }
},
{
    "model": "order.order",
    "pk": "3544f4b8-1b68-4a99-9b71-65cfbda8dd42",
    "fields": {
        "create_at": "2023-06-02T14:01:40.935Z",
        "status": "PENDING",
        "cart": "d9a1deb9-d559-4d3d-841a-e0e6c4c9ff8f",
        "marketing_flag": false,
        "agreed_to_terms": false,
        "payment_id": null
    }
},
{
    "model": "order.order",
    "pk": "35bf27da-b3ca-477e-a6b1-6428f2db31b8",
    "fields": {
        "create_at": "2023-06-02T13:58:46.966Z",
        "status": "PENDING",
        "cart": "3ef2baec-272f-4221-a5f8-3d54effe8fba",
        "marketing_flag": false,
        "agreed_to_terms": false,
        "payment_id": null
    }
},
{
    "model": "order.order",
    "pk": "3fe2e725-abf5-4e78-a7d1-f3715f0cd755",
    "fields": {
        "create_at": "2023-07-03T13:00:26.938Z",
        "status": "PENDING",
        "cart": "1e967a68-0ace-4c72-8cfb-7e62afffc36f",
        "marketing_flag": true,
        "agreed_to_terms": true,
        "payment_id": null
    }
},
{
    "model": "order.order",
    "pk": "43d58524-3bf4-4f7e-b2e0-cfcdaa3c068b",
    "fields": {
        "create_at": "2023-06-02T13:56:43.845Z",
        "status": "PENDING",
        "cart": "4496d3dd-c354-44db-9812-974de2f98b0f",
        "marketing_flag": false,
        "agreed_to_terms": false,
        "payment_id": null
    }
},
{
    "model": "order.order",
    "pk": "528b1a92-181f-4a80-9f0e-761080e12775",
    "fields": {
        "create_at": "2023-06-02T13:58:43.925Z",
        "status": "PENDING",
        "cart": "8d69e1c1-1cd4-4745-bd39-ef9882e9a8ef",
        "marketing_flag": false,
        "agreed_to_terms": false,
        "payment_id": null
    }
},
{
    "model": "order.order",
    "pk": "634a623c-004f-45e8-a85a-9867cb3070e1",
    "fields": {
        "create_at": "2023-06-02T13:56:37.241Z",
        "status": "PENDING",
        "cart": "4ea482d4-b64c-46f8-8a3b-5b8e7df49462",
        "marketing_flag": false,
        "agreed_to_terms": false,
        "payment_id": null
    }
},
{
    "model": "order.order",
    "pk": "73fd57da-1232-4dcf-a581-856cf3ce0c8b",
    "fields": {
        "create_at": "2023-06-02T13:56:15.900Z",
        "status": "PENDING",
        "cart": "a3e78b34-9288-491e-864b-00598cf7a342",
        "marketing_flag": false,
        "agreed_to_terms": false,
        "payment_id": null
    }
},
{
    "model": "order.order",
    "pk": "8327d701-8f7b-4812-91a9-6057034886a2",
    "fields": {
        "create_at": "2023-06-02T13:55:13.614Z",
        "status": "PENDING",
        "cart": "a7aa553a-35b2-4fdd-95dc-998dd4f79a93",
        "marketing_flag": false,
        "agreed_to_terms": false,
        "payment_id": null
    }
},
{
    "model": "order.order",
    "pk": "925cc09a-7f4c-42e5-a507-9e5fa29cfe12",
    "fields": {
        "create_at": "2023-06-12T15:58:45.668Z",
        "status": "PENDING",
        "cart": "ef086243-1458-4302-817f-1bd86b69a27d",
        "marketing_flag": true,
        "agreed_to_terms": true,
        "payment_id": "1234567890"
    }
},
{
    "model": "order.order",
    "pk": "9423c27f-eb39-45f8-88b1-dbd627416fac",
    "fields": {
        "create_at": "2023-06-12T15:55:28.804Z",
        "status": "PENDING",
        "cart": "d61047de-1557-4b9b-9498-f6b60af52977",
        "marketing_flag": true,
        "agreed_to_terms": true,
        "payment_id": null
    }
},
{
    "model": "order.order",
    "pk": "9b1eb752-701e-4de8-8c4c-476781f28e61",
    "fields": {
        "create_at": "2023-07-03T13:00:21.259Z",
        "status": "PENDING",
        "cart": "1e967a68-0ace-4c72-8cfb-7e62afffc36f",
        "marketing_flag": false,
        "agreed_to_terms": true,
        "payment_id": null
    }
},
{
    "model": "order.order",
    "pk": "9f73c8dd-bd22-4a9c-b993-26fbccfbe62f",
    "fields": {
        "create_at": "2023-06-02T13:58:46.968Z",
        "status": "PENDING",
        "cart": "e8a06e65-eada-4316-a5e4-f5a8af6bce90",
        "marketing_flag": false,
        "agreed_to_terms": false,
        "payment_id": null
    }
},
{
    "model": "order.order",
    "pk": "a0cd453b-a698-4526-97a4-d2e39b569deb",
    "fields": {
        "create_at": "2023-06-12T10:45:28.049Z",
        "status": "PENDING",
        "cart": "6d279669-2b2c-4f6e-957a-14d92cbd324c",
        "marketing_flag": true,
        "agreed_to_terms": true,
        "payment_id": null
    }
},
{
    "model": "order.order",
    "pk": "a80ae5a6-0c98-4691-93a8-0e0469cd31c5",
    "fields": {
        "create_at": "2023-06-02T13:56:09.716Z",
        "status": "PENDING",
        "cart": "16b4af38-8bde-47c3-9f00-55ec6b65ce9e",
        "marketing_flag": false,
        "agreed_to_terms": false,
        "payment_id": null
    }
},
{
    "model": "order.order",
    "pk": "af715bdb-a058-4cb8-a075-85d0e9f7894e",
    "fields": {
        "create_at": "2023-06-02T14:01:40.938Z",
        "status": "SHIPPED",
        "cart": "a48e9aa5-6a96-47f9-9a18-a1e99ab4f2f9",
        "marketing_flag": false,
        "agreed_to_terms": false,
        "payment_id": null
    }
},
{
    "model": "order.order",
    "pk": "afa1d025-9623-4707-9119-136966a4d6f1",
    "fields": {
        "create_at": "2023-06-12T15:53:31.184Z",
        "status": "PENDING",
        "cart": "d61047de-1557-4b9b-9498-f6b60af52977",
        "marketing_flag": true,
        "agreed_to_terms": true,
        "payment_id": null
    }
},
{
    "model": "order.order",
    "pk": "b0d1f684-84f5-4963-a93d-fcf1725c4853",
    "fields": {
        "create_at": "2023-06-02T13:58:43.921Z",
        "status": "PENDING",
        "cart": "4c2f99f6-0376-4574-9190-68dfcc40dbf8",
        "marketing_flag": false,
        "agreed_to_terms": false,
        "payment_id": null
    }
},
{
    "model": "order.order",
    "pk": "b5f0d70b-88b5-4d48-829b-4ee7ead3a0a4",
    "fields": {
        "create_at": "2023-06-12T12:04:14.945Z",
        "status": "PENDING",
        "cart": "6d279669-2b2c-4f6e-957a-14d92cbd324c",
        "marketing_flag": true,
        "agreed_to_terms": true,
        "payment_id": "123456789"
    }
},
{
    "model": "order.order",
    "pk": "b71be46f-77e0-4652-aef1-03a1d2a3e10a",
    "fields": {
        "create_at": "2023-06-12T10:43:46.690Z",
        "status": "PENDING",
        "cart": "6d279669-2b2c-4f6e-957a-14d92cbd324c",
        "marketing_flag": true,
        "agreed_to_terms": true,
        "payment_id": null
    }
},
{
    "model": "order.order",
    "pk": "cd489cbc-4de7-4386-871d-7e3ba7c1d727",
    "fields": {
        "create_at": "2023-06-12T15:58:29.844Z",
        "status": "PENDING",
        "cart": "b77677c8-7a91-415e-93c7-81054220fb62",
        "marketing_flag": true,
        "agreed_to_terms": true,
        "payment_id": "123456789"
    }
},
{
    "model": "order.order",
    "pk": "ce97cbb1-77ae-4914-ada5-85481d483eee",
    "fields": {
        "create_at": "2023-06-12T16:04:51.743Z",
        "status": "PENDING",
        "cart": "cc37ef37-b76d-4e65-9bb8-37e95fd1e2d9",
        "marketing_flag": true,
        "agreed_to_terms": true,
        "payment_id": null
    }
},
{
    "model": "order.order",
    "pk": "e2024c20-d479-432c-97bb-e85f6ac10597",
    "fields": {
        "create_at": "2023-06-12T10:43:58.136Z",
        "status": "PENDING",
        "cart": "6d279669-2b2c-4f6e-957a-14d92cbd324c",
        "marketing_flag": true,
        "agreed_to_terms": true,
        "payment_id": null
    }
},
{
    "model": "order.order",
    "pk": "e499413e-625b-4859-bac3-248742d82045",
    "fields": {
        "create_at": "2023-06-02T13:55:43.347Z",
        "status": "PENDING",
        "cart": "e81086b8-af91-4d45-9c72-d31f72e69ae6",
        "marketing_flag": false,
        "agreed_to_terms": false,
        "payment_id": null
    }
},
{
    "model": "order.order",
    "pk": "eb6b7e0b-e7d5-4158-a71f-941f206d9f24",
    "fields": {
        "create_at": "2023-06-12T16:05:17.555Z",
        "status": "PENDING",
        "cart": "cc37ef37-b76d-4e65-9bb8-37e95fd1e2d9",
        "marketing_flag": true,
        "agreed_to_terms": true,
        "payment_id": "123456789"
    }
},
{
    "model": "order.order",
    "pk": "f436ab2c-5aca-44bb-ba69-78ae984bf9c8",
    "fields": {
        "create_at": "2023-06-02T13:56:56.599Z",
        "status": "PENDING",
        "cart": "a3fb5406-a210-40a8-9ed8-515fdcdea4cf",
        "marketing_flag": false,
        "agreed_to_terms": false,
        "payment_id": null
    }
},
{
    "model": "product.productvariant",
    "pk": "espresso250",
    "fields": {
        "safe_deleted": false,
        "ean": "",
        "weight": "350.00",
        "stock_quantity": 116,
        "update_at": "2023-07-03T13:00:26.954Z",
        "create_at": "2023-04-06T08:17:49.355Z",
        "attributes": []
    }
},
{
    "model": "product.productvariant",
    "pk": "espresso500",
    "fields": {
        "safe_deleted": false,
        "ean": "",
        "weight": "500.00",
        "stock_quantity": 200,
        "update_at": "2023-05-29T08:07:35.855Z",
        "create_at": "2023-04-06T10:26:28.607Z",
        "attributes": []
    }
},
{
    "model": "product.productvariant",
    "pk": "rock-spot-espresso",
    "fields": {
        "safe_deleted": false,
        "ean": "",
        "weight": "0.00",
        "stock_quantity": 0,
        "update_at": "2023-06-16T15:03:09.844Z",
        "create_at": "2023-04-15T08:58:19.547Z",
        "attributes": []
    }
},
{
    "model": "product.productvariant",
    "pk": "sracka1",
    "fields": {
        "safe_deleted": false,
        "ean": "",
        "weight": "0.00",
        "stock_quantity": 1900,
        "update_at": "2023-05-28T16:17:45.096Z",
        "create_at": "2023-05-28T16:17:44.982Z",
        "attributes": []
    }
},
{
    "model": "product.productvariant",
    "pk": "t-shirt-2",
    "fields": {
        "safe_deleted": false,
        "ean": "",
        "weight": "100.00",
        "stock_quantity": 19,
        "update_at": "2023-06-19T12:00:27.064Z",
        "create_at": "2023-06-16T13:12:17.524Z",
        "attributes": [
            4
        ]
    }
},
{
    "model": "product.producttype",
    "pk": 1,
    "fields": {
        "safe_deleted": false,
        "name": "Coffee",
        "update_at": "2023-05-29T14:09:49.992Z",
        "create_at": "2023-04-06T08:04:06.063Z",
        "allowed_attribute_types": [
            1
        ],
        "vat_groups": [
            1,
            2
        ]
    }
},
{
    "model": "product.producttype",
    "pk": 2,
    "fields": {
        "safe_deleted": false,
        "name": "Fashion",
        "update_at": "2023-05-29T14:10:42.890Z",
        "create_at": "2023-04-06T08:04:14.894Z",
        "allowed_attribute_types": [
            2
        ],
        "vat_groups": [
            1,
            2
        ]
    }
},
{
    "model": "product.producttype",
    "pk": 3,
    "fields": {
        "safe_deleted": false,
        "name": "Cup",
        "update_at": "2023-04-06T08:06:46.408Z",
        "create_at": "2023-04-06T08:06:34.221Z",
        "allowed_attribute_types": [],
        "vat_groups": []
    }
},
{
    "model": "product.producttranslation",
    "pk": 1,
    "fields": {
        "language_code": "en",
        "title": "Top Spot Espresso",
        "meta_title": "Top Spot Espresso | Free shipping | Czech brand",
        "meta_description": "Lorem ipsum dolor sit amet, consectetuer adipiscing elit. Sed ut perspiciatis unde omnis iste natus error sit voluptatem accusantium doloremque laudantium, totam rem aperiam, eaque ipsa quae ab illo inventore veritatis et quasi architecto beatae vitae dicta sunt explicabo.",
        "short_description": null,
        "description": null,
        "description_editorjs": {
            "time": 1685347649291,
            "blocks": [
                {
                    "id": "CuL8jOZowm",
                    "type": "header",
                    "data": {
                        "text": "Our best espresso",
                        "level": 2
                    }
                },
                {
                    "id": "D1YvfA39fN",
                    "type": "paragraph",
                    "data": {
                        "text": "Lorem ipsum dolor sit amet, consectetuer adipiscing elit. Fusce dui leo, imperdiet in, aliquam sit amet, feugiat eu, orci. In enim a arcu imperdiet malesuada. Aliquam id dolor. Donec quis nibh at felis congue commodo. Integer in sapien. Duis aute irure dolor in reprehenderit in voluptate velit esse cillum dolore eu fugiat nulla pariatur. <b>Fusce dui leo, imperdiet in, aliquam sit amet, feugiat eu, orci.</b> <a href=\"https://google.com\">Praesent</a> vitae arcu tempor neque lacinia pretium. Nam libero tempore, cum soluta nobis est eligendi optio cumque nihil impedit quo minus id quod maxime placeat facere possimus, omnis voluptas assumenda est, omnis dolor repellendus. Nullam rhoncus aliquam metus. Maecenas sollicitudin. Pellentesque ipsum. Curabitur vitae diam non enim vestibulum interdum. Nullam dapibus fermentum ipsum. Integer tempor."
                    }
                },
                {
                    "id": "sEkzwOTizM",
                    "type": "table",
                    "data": {
                        "withHeadings": false,
                        "content": []
                    }
                },
                {
                    "id": "o-vOQIvZ7e",
                    "type": "image",
                    "data": {
                        "file": {
                            "url": "http://localhost:8000/media/editorjs/1681734025.jpg"
                        },
                        "caption": "The Office wall",
                        "withBorder": false,
                        "stretched": false,
                        "withBackground": false
                    }
                }
            ],
            "version": "2.26.5"
        },
        "slug": "top-spot-espresso",
        "master": 1
    }
},
{
    "model": "product.producttranslation",
    "pk": 2,
    "fields": {
        "language_code": "cs",
        "title": "Top Spot Espresso",
        "meta_title": "",
        "meta_description": "",
        "short_description": null,
        "description": null,
        "description_editorjs": null,
        "slug": "top-spot-espresso",
        "master": 1
    }
},
{
    "model": "product.producttranslation",
    "pk": 3,
    "fields": {
        "language_code": "en",
        "title": "Rock Spot Espresso",
        "meta_title": "",
        "meta_description": "",
        "short_description": null,
        "description": null,
        "description_editorjs": {
            "time": 1681975219989,
            "blocks": [
                {
                    "id": "U01X2Ut35O",
                    "type": "header",
                    "data": {
                        "text": "Rock Spot Espresso",
                        "level": 2
                    }
                },
                {
                    "id": "o_yRNVILAK",
                    "type": "paragraph",
                    "data": {
                        "text": "Lorem ipsum"
                    }
                }
            ],
            "version": "2.26.5"
        },
        "slug": "rock-spot-espresso",
        "master": 2
    }
},
{
    "model": "product.producttranslation",
    "pk": 11,
    "fields": {
        "language_code": "en",
        "title": "T-shirt",
        "meta_title": "",
        "meta_description": "",
        "short_description": null,
        "description": null,
        "description_editorjs": null,
        "slug": "t-shirt",
        "master": 4
    }
},
{
    "model": "product.producttranslation",
    "pk": 12,
    "fields": {
        "language_code": "cs",
        "title": "Tričko",
        "meta_title": "",
        "meta_description": "",
        "short_description": null,
        "description": null,
        "description_editorjs": null,
        "slug": "tricko",
        "master": 4
    }
},
{
    "model": "product.product",
    "pk": 1,
    "fields": {
        "safe_deleted": false,
        "published": true,
        "type": 1,
        "category": 2,
        "update_at": "2023-05-29T08:07:35.961Z",
        "create_at": "2023-04-05T20:32:29.786Z",
        "product_variants": [
            "espresso250",
            "espresso500"
        ]
    }
},
{
    "model": "product.product",
    "pk": 2,
    "fields": {
        "safe_deleted": false,
        "published": true,
        "type": 1,
        "category": 2,
        "update_at": "2023-06-16T15:03:10.010Z",
        "create_at": "2023-04-15T08:58:19.593Z",
        "product_variants": [
            "rock-spot-espresso"
        ]
    }
},
{
    "model": "product.product",
    "pk": 4,
    "fields": {
        "safe_deleted": false,
        "published": true,
        "type": 2,
        "category": 3,
        "update_at": "2023-06-16T15:06:25.279Z",
        "create_at": "2023-05-29T14:10:58.171Z",
        "product_variants": [
            "t-shirt-2"
        ]
    }
},
{
    "model": "product.attributetypetranslation",
    "pk": 1,
    "fields": {
        "language_code": "en",
        "name": "Weight",
        "master": 1
    }
},
{
    "model": "product.attributetypetranslation",
    "pk": 2,
    "fields": {
        "language_code": "cs",
        "name": "Váha",
        "master": 1
    }
},
{
    "model": "product.attributetypetranslation",
    "pk": 3,
    "fields": {
        "language_code": "en",
        "name": "Color",
        "master": 2
    }
},
{
    "model": "product.attributetypetranslation",
    "pk": 4,
    "fields": {
        "language_code": "cs",
        "name": "Barva",
        "master": 2
    }
},
{
    "model": "product.attributetype",
    "pk": 1,
    "fields": {
        "safe_deleted": false,
        "type_name": "weight",
        "unit": "g",
        "value_type": "INTEGER"
    }
},
{
    "model": "product.attributetype",
    "pk": 2,
    "fields": {
        "safe_deleted": false,
        "type_name": "color",
        "unit": null,
        "value_type": "TEXT"
    }
},
{
    "model": "product.baseattributetranslation",
    "pk": 1,
    "fields": {
        "language_code": "en",
        "name": "",
        "master": 1
    }
},
{
    "model": "product.baseattributetranslation",
    "pk": 2,
    "fields": {
        "language_code": "cs",
        "name": "",
        "master": 1
    }
},
{
    "model": "product.baseattributetranslation",
    "pk": 3,
    "fields": {
        "language_code": "en",
        "name": "",
        "master": 2
    }
},
{
    "model": "product.baseattributetranslation",
    "pk": 4,
    "fields": {
        "language_code": "cs",
        "name": "",
        "master": 2
    }
},
{
    "model": "product.baseattributetranslation",
    "pk": 5,
    "fields": {
        "language_code": "en",
        "name": "Black",
        "master": 3
    }
},
{
    "model": "product.baseattributetranslation",
    "pk": 6,
    "fields": {
        "language_code": "cs",
        "name": "Černá",
        "master": 3
    }
},
{
    "model": "product.baseattributetranslation",
    "pk": 7,
    "fields": {
        "language_code": "en",
        "name": "White",
        "master": 4
    }
},
{
    "model": "product.baseattributetranslation",
    "pk": 8,
    "fields": {
        "language_code": "cs",
        "name": "Bílá",
        "master": 4
    }
},
{
    "model": "product.baseattribute",
    "pk": 1,
    "fields": {
        "safe_deleted": false,
        "type": 1,
        "value": "250",
        "order": null,
        "ext_attributes": []
    }
},
{
    "model": "product.baseattribute",
    "pk": 2,
    "fields": {
        "safe_deleted": false,
        "type": 1,
        "value": "500",
        "order": null,
        "ext_attributes": []
    }
},
{
    "model": "product.baseattribute",
    "pk": 3,
    "fields": {
        "safe_deleted": false,
        "type": 2,
        "value": "black",
        "order": null,
        "ext_attributes": []
    }
},
{
    "model": "product.baseattribute",
    "pk": 4,
    "fields": {
        "safe_deleted": false,
        "type": 2,
        "value": "white",
        "order": null,
        "ext_attributes": []
    }
},
{
    "model": "product.baseattribute",
    "pk": 5,
    "fields": {
        "safe_deleted": false,
        "type": 2,
        "value": "neco",
        "order": null,
        "ext_attributes": []
    }
},
{
    "model": "product.pricelist",
    "pk": "CZK_maloobchod",
    "fields": {
        "safe_deleted": false,
        "is_default": true,
        "currency": "CZK",
        "rounding": true,
        "update_at": "2023-05-03T07:53:08.906Z",
        "create_at": "2023-05-03T07:42:10.896Z"
    }
},
{
    "model": "product.pricelist",
    "pk": "CZK_velkoobchod",
    "fields": {
        "safe_deleted": false,
        "is_default": false,
        "currency": "CZK",
        "rounding": true,
        "update_at": "2023-05-03T07:53:24.964Z",
        "create_at": "2023-05-03T07:53:24.964Z"
    }
},
{
    "model": "product.pricelist",
    "pk": "EUR_maloobchod",
    "fields": {
        "safe_deleted": false,
        "is_default": false,
        "currency": "EUR",
        "rounding": false,
        "update_at": "2023-05-28T14:24:39.850Z",
        "create_at": "2023-05-03T15:05:55.251Z"
    }
},
{
    "model": "product.productprice",
    "pk": 2,
    "fields": {
        "safe_deleted": false,
        "price_list": "CZK_maloobchod",
        "product_variant": "espresso250",
        "price": "250.00",
        "discount": "0.00",
        "update_at": "2023-05-29T08:07:35.781Z",
        "create_at": "2023-05-03T11:51:13.951Z"
    }
},
{
    "model": "product.productprice",
    "pk": 3,
    "fields": {
        "safe_deleted": false,
        "price_list": "CZK_maloobchod",
        "product_variant": "espresso500",
        "price": "500.00",
        "discount": "5.00",
        "update_at": "2023-05-29T08:07:35.873Z",
        "create_at": "2023-05-03T11:51:14.017Z"
    }
},
{
    "model": "product.productprice",
    "pk": 4,
    "fields": {
        "safe_deleted": false,
        "price_list": "CZK_velkoobchod",
        "product_variant": "espresso250",
        "price": "100.00",
        "discount": "10.00",
        "update_at": "2023-05-29T08:07:35.808Z",
        "create_at": "2023-05-04T21:03:59.827Z"
    }
},
{
    "model": "product.productprice",
    "pk": 5,
    "fields": {
        "safe_deleted": false,
        "price_list": "EUR_maloobchod",
        "product_variant": "espresso250",
        "price": "10.00",
        "discount": "5.00",
        "update_at": "2023-05-29T08:07:35.832Z",
        "create_at": "2023-05-05T07:56:41.983Z"
    }
},
{
    "model": "product.productprice",
    "pk": 6,
    "fields": {
        "safe_deleted": false,
        "price_list": "CZK_velkoobchod",
        "product_variant": "espresso500",
        "price": "400.00",
        "discount": "10.00",
        "update_at": "2023-05-29T08:07:35.897Z",
        "create_at": "2023-05-19T06:11:15.040Z"
    }
},
{
    "model": "product.productprice",
    "pk": 7,
    "fields": {
        "safe_deleted": false,
        "price_list": "EUR_maloobchod",
        "product_variant": "espresso500",
        "price": "5.00",
        "discount": null,
        "update_at": "2023-05-29T08:07:35.918Z",
        "create_at": "2023-05-19T06:11:28.452Z"
    }
},
{
    "model": "product.productprice",
    "pk": 8,
    "fields": {
        "safe_deleted": false,
        "price_list": "CZK_maloobchod",
        "product_variant": "rock-spot-espresso",
        "price": "100.00",
        "discount": null,
        "update_at": "2023-06-16T15:03:09.885Z",
        "create_at": "2023-06-16T15:03:09.864Z"
    }
},
{
    "model": "product.productprice",
    "pk": 9,
    "fields": {
        "safe_deleted": false,
        "price_list": "CZK_velkoobchod",
        "product_variant": "rock-spot-espresso",
        "price": "100.00",
        "discount": null,
        "update_at": "2023-06-16T15:03:09.926Z",
        "create_at": "2023-06-16T15:03:09.907Z"
    }
},
{
    "model": "product.productprice",
    "pk": 10,
    "fields": {
        "safe_deleted": false,
        "price_list": "EUR_maloobchod",
        "product_variant": "rock-spot-espresso",
        "price": "5.00",
        "discount": null,
        "update_at": "2023-06-16T15:03:09.965Z",
        "create_at": "2023-06-16T15:03:09.947Z"
    }
},
{
    "model": "product.productprice",
    "pk": 11,
    "fields": {
        "safe_deleted": false,
        "price_list": "CZK_maloobchod",
        "product_variant": "t-shirt-2",
        "price": "200.00",
        "discount": null,
        "update_at": "2023-06-16T15:06:25.157Z",
        "create_at": "2023-06-16T15:06:25.138Z"
    }
},
{
    "model": "product.productprice",
    "pk": 12,
    "fields": {
        "safe_deleted": false,
        "price_list": "CZK_velkoobchod",
        "product_variant": "t-shirt-2",
        "price": "200.00",
        "discount": null,
        "update_at": "2023-06-16T15:06:25.196Z",
        "create_at": "2023-06-16T15:06:25.179Z"
    }
},
{
    "model": "product.productprice",
    "pk": 13,
    "fields": {
        "safe_deleted": false,
        "price_list": "EUR_maloobchod",
        "product_variant": "t-shirt-2",
        "price": "10.00",
        "discount": null,
        "update_at": "2023-06-16T15:06:25.236Z",
        "create_at": "2023-06-16T15:06:25.218Z"
    }
},
{
    "model": "product.productmedia",
    "pk": 8,
    "fields": {
        "sort_order": 1,
        "safe_deleted": false,
        "product": 1,
        "media": "product_media/1/image/172_top-spot-espresso_IzSaqyC.jpg",
        "type": "IMAGE",
        "alt": null
    }
},
{
    "model": "product.productmedia",
    "pk": 9,
    "fields": {
        "sort_order": 0,
        "safe_deleted": false,
        "product": 1,
        "media": "product_media/1/image/172-1_espresso1.jpg",
        "type": "IMAGE",
        "alt": null
    }
},
{
    "model": "product.productmedia",
    "pk": 11,
    "fields": {
        "sort_order": 0,
        "safe_deleted": false,
        "product": 2,
        "media": "product_media/2/image/220_rock-spot-espresso.jpg",
        "type": "IMAGE",
        "alt": null
    }
},
{
    "model": "product.productmedia",
    "pk": 17,
    "fields": {
        "sort_order": 2,
        "safe_deleted": false,
        "product": 1,
        "media": "product_media/1/image/8bfb9abd-4aa4-48d7-aa89-b8ed17317823.jpg",
        "type": "IMAGE",
        "alt": null
    }
},
{
    "model": "user.user",
    "pk": "admin@example.com",
    "fields": {
        "password": "pbkdf2_sha256$320000$gzcwTPFLkBqn6APrbnSUQ1$iz5NYRJG+nqWBcqLkUuwLSLrAwgYsnNxHQaHkEkFvLI=",
        "last_login": "2023-06-19T12:11:41.895Z",
        "is_superuser": false,
        "first_name": "",
        "last_name": "",
        "birth_date": null,
        "is_active": true,
        "is_admin": true,
        "is_staff": true,
        "groups": [],
        "user_permissions": []
    }
},
{
    "model": "user.user",
    "pk": "michal@test.com",
    "fields": {
        "password": "pbkdf2_sha256$320000$w2HxOZjdURMRBYuGtr2tVj$5W00t4P11xHIT0guG1QP1+eAKH5gQq2XXsS2/iPPGBc=",
        "last_login": null,
        "is_superuser": false,
        "first_name": "",
        "last_name": "",
        "birth_date": null,
        "is_active": true,
        "is_admin": false,
        "is_staff": false,
        "groups": [],
        "user_permissions": []
    }
},
{
    "model": "user.user",
    "pk": "non_is_staff_user@example.com",
    "fields": {
        "password": "pbkdf2_sha256$320000$OG0rQF65MKVffKV3yrQ4Y0$CvMTw/5ekQ6iY7D1IsFSgybkfTsOP3B+R2Yj8NmQYNc=",
        "last_login": null,
        "is_superuser": false,
        "first_name": "",
        "last_name": "",
        "birth_date": null,
        "is_active": true,
        "is_admin": false,
        "is_staff": false,
        "groups": [],
        "user_permissions": []
    }
},
{
    "model": "user.user",
    "pk": "regTest@gmail.com",
    "fields": {
        "password": "pbkdf2_sha256$320000$kkbgPhDaVKA9aPN43RPyuM$eyZBfA59D6I6aB0nYvEtGm8a1IqssF7Vphu7IaCzWx4=",
        "last_login": null,
        "is_superuser": false,
        "first_name": "",
        "last_name": "",
        "birth_date": null,
        "is_active": true,
        "is_admin": false,
        "is_staff": true,
        "groups": [
            [
                "Editor"
            ]
        ],
        "user_permissions": []
    }
},
{
    "model": "roles.managerpermission",
    "pk": "attributetype_add_permission",
    "fields": {
        "model": "attributetype",
        "description": "Can add attribute type",
        "type": "add"
    }
},
{
    "model": "roles.managerpermission",
    "pk": "attributetype_change_permission",
    "fields": {
        "model": "attributetype",
        "description": "Can change attribute type",
        "type": "change"
    }
},
{
    "model": "roles.managerpermission",
    "pk": "attributetype_delete_permission",
    "fields": {
        "model": "attributetype",
        "description": "Can delete attribute type",
        "type": "delete"
    }
},
{
    "model": "roles.managerpermission",
    "pk": "attributetype_view_permission",
    "fields": {
        "model": "attributetype",
        "description": "Can view attribute type",
        "type": "view"
    }
},
{
    "model": "roles.managerpermission",
    "pk": "baseattribute_add_permission",
    "fields": {
        "model": "baseattribute",
        "description": "Can add base attribute",
        "type": "add"
    }
},
{
    "model": "roles.managerpermission",
    "pk": "baseattribute_change_permission",
    "fields": {
        "model": "baseattribute",
        "description": "Can change base attribute",
        "type": "change"
    }
},
{
    "model": "roles.managerpermission",
    "pk": "baseattribute_delete_permission",
    "fields": {
        "model": "baseattribute",
        "description": "Can delete base attribute",
        "type": "delete"
    }
},
{
    "model": "roles.managerpermission",
    "pk": "baseattribute_view_permission",
    "fields": {
        "model": "baseattribute",
        "description": "Can view base attribute",
        "type": "view"
    }
},
{
    "model": "roles.managerpermission",
    "pk": "billinginfo_add_permission",
    "fields": {
        "model": "billinginfo",
        "description": "Can add Billing Address",
        "type": "add"
    }
},
{
    "model": "roles.managerpermission",
    "pk": "billinginfo_change_permission",
    "fields": {
        "model": "billinginfo",
        "description": "Can change Billing Address",
        "type": "change"
    }
},
{
    "model": "roles.managerpermission",
    "pk": "billinginfo_delete_permission",
    "fields": {
        "model": "billinginfo",
        "description": "Can delete Billing Address",
        "type": "delete"
    }
},
{
    "model": "roles.managerpermission",
    "pk": "billinginfo_view_permission",
    "fields": {
        "model": "billinginfo",
        "description": "Can view Billing Address",
        "type": "view"
    }
},
{
    "model": "roles.managerpermission",
    "pk": "blacklistedtoken_add_permission",
    "fields": {
        "model": "blacklistedtoken",
        "description": "Can add blacklisted token",
        "type": "add"
    }
},
{
    "model": "roles.managerpermission",
    "pk": "blacklistedtoken_change_permission",
    "fields": {
        "model": "blacklistedtoken",
        "description": "Can change blacklisted token",
        "type": "change"
    }
},
{
    "model": "roles.managerpermission",
    "pk": "blacklistedtoken_delete_permission",
    "fields": {
        "model": "blacklistedtoken",
        "description": "Can delete blacklisted token",
        "type": "delete"
    }
},
{
    "model": "roles.managerpermission",
    "pk": "blacklistedtoken_view_permission",
    "fields": {
        "model": "blacklistedtoken",
        "description": "Can view blacklisted token",
        "type": "view"
    }
},
{
    "model": "roles.managerpermission",
    "pk": "cart_add_permission",
    "fields": {
        "model": "cart",
        "description": "Can add cart",
        "type": "add"
    }
},
{
    "model": "roles.managerpermission",
    "pk": "cart_change_permission",
    "fields": {
        "model": "cart",
        "description": "Can change cart",
        "type": "change"
    }
},
{
    "model": "roles.managerpermission",
    "pk": "cart_delete_permission",
    "fields": {
        "model": "cart",
        "description": "Can delete cart",
        "type": "delete"
    }
},
{
    "model": "roles.managerpermission",
    "pk": "cart_view_permission",
    "fields": {
        "model": "cart",
        "description": "Can view cart",
        "type": "view"
    }
},
{
    "model": "roles.managerpermission",
    "pk": "cartitem_add_permission",
    "fields": {
        "model": "cartitem",
        "description": "Can add cart item",
        "type": "add"
    }
},
{
    "model": "roles.managerpermission",
    "pk": "cartitem_change_permission",
    "fields": {
        "model": "cartitem",
        "description": "Can change cart item",
        "type": "change"
    }
},
{
    "model": "roles.managerpermission",
    "pk": "cartitem_delete_permission",
    "fields": {
        "model": "cartitem",
        "description": "Can delete cart item",
        "type": "delete"
    }
},
{
    "model": "roles.managerpermission",
    "pk": "cartitem_view_permission",
    "fields": {
        "model": "cartitem",
        "description": "Can view cart item",
        "type": "view"
    }
},
{
    "model": "roles.managerpermission",
    "pk": "category_add_permission",
    "fields": {
        "model": "category",
        "description": "Can add category",
        "type": "add"
    }
},
{
    "model": "roles.managerpermission",
    "pk": "category_change_permission",
    "fields": {
        "model": "category",
        "description": "Can change category",
        "type": "change"
    }
},
{
    "model": "roles.managerpermission",
    "pk": "category_delete_permission",
    "fields": {
        "model": "category",
        "description": "Can delete category",
        "type": "delete"
    }
},
{
    "model": "roles.managerpermission",
    "pk": "category_view_permission",
    "fields": {
        "model": "category",
        "description": "Can view category",
        "type": "view"
    }
},
{
    "model": "roles.managerpermission",
    "pk": "contenttype_add_permission",
    "fields": {
        "model": "contenttype",
        "description": "Can add content type",
        "type": "add"
    }
},
{
    "model": "roles.managerpermission",
    "pk": "contenttype_change_permission",
    "fields": {
        "model": "contenttype",
        "description": "Can change content type",
        "type": "change"
    }
},
{
    "model": "roles.managerpermission",
    "pk": "contenttype_delete_permission",
    "fields": {
        "model": "contenttype",
        "description": "Can delete content type",
        "type": "delete"
    }
},
{
    "model": "roles.managerpermission",
    "pk": "contenttype_view_permission",
    "fields": {
        "model": "contenttype",
        "description": "Can view content type",
        "type": "view"
    }
},
{
    "model": "roles.managerpermission",
    "pk": "country_add_permission",
    "fields": {
        "model": "country",
        "description": "Can add Country",
        "type": "add"
    }
},
{
    "model": "roles.managerpermission",
    "pk": "country_change_permission",
    "fields": {
        "model": "country",
        "description": "Can change Country",
        "type": "change"
    }
},
{
    "model": "roles.managerpermission",
    "pk": "country_delete_permission",
    "fields": {
        "model": "country",
        "description": "Can delete Country",
        "type": "delete"
    }
},
{
    "model": "roles.managerpermission",
    "pk": "country_view_permission",
    "fields": {
        "model": "country",
        "description": "Can view Country",
        "type": "view"
    }
},
{
    "model": "roles.managerpermission",
    "pk": "currency_add_permission",
    "fields": {
        "model": "currency",
        "description": "Can add Currency",
        "type": "add"
    }
},
{
    "model": "roles.managerpermission",
    "pk": "currency_change_permission",
    "fields": {
        "model": "currency",
        "description": "Can change Currency",
        "type": "change"
    }
},
{
    "model": "roles.managerpermission",
    "pk": "currency_delete_permission",
    "fields": {
        "model": "currency",
        "description": "Can delete Currency",
        "type": "delete"
    }
},
{
    "model": "roles.managerpermission",
    "pk": "currency_view_permission",
    "fields": {
        "model": "currency",
        "description": "Can view Currency",
        "type": "view"
    }
},
{
    "model": "roles.managerpermission",
    "pk": "extattributetype_add_permission",
    "fields": {
        "model": "extattributetype",
        "description": "Can add ext attribute type",
        "type": "add"
    }
},
{
    "model": "roles.managerpermission",
    "pk": "extattributetype_change_permission",
    "fields": {
        "model": "extattributetype",
        "description": "Can change ext attribute type",
        "type": "change"
    }
},
{
    "model": "roles.managerpermission",
    "pk": "extattributetype_delete_permission",
    "fields": {
        "model": "extattributetype",
        "description": "Can delete ext attribute type",
        "type": "delete"
    }
},
{
    "model": "roles.managerpermission",
    "pk": "extattributetype_view_permission",
    "fields": {
        "model": "extattributetype",
        "description": "Can view ext attribute type",
        "type": "view"
    }
},
{
    "model": "roles.managerpermission",
    "pk": "extensionattribute_add_permission",
    "fields": {
        "model": "extensionattribute",
        "description": "Can add extension attribute",
        "type": "add"
    }
},
{
    "model": "roles.managerpermission",
    "pk": "extensionattribute_change_permission",
    "fields": {
        "model": "extensionattribute",
        "description": "Can change extension attribute",
        "type": "change"
    }
},
{
    "model": "roles.managerpermission",
    "pk": "extensionattribute_delete_permission",
    "fields": {
        "model": "extensionattribute",
        "description": "Can delete extension attribute",
        "type": "delete"
    }
},
{
    "model": "roles.managerpermission",
    "pk": "extensionattribute_view_permission",
    "fields": {
        "model": "extensionattribute",
        "description": "Can view extension attribute",
        "type": "view"
    }
},
{
    "model": "roles.managerpermission",
    "pk": "group_add_permission",
    "fields": {
        "model": "group",
        "description": "Can add group",
        "type": "add"
    }
},
{
    "model": "roles.managerpermission",
    "pk": "group_change_permission",
    "fields": {
        "model": "group",
        "description": "Can change group",
        "type": "change"
    }
},
{
    "model": "roles.managerpermission",
    "pk": "group_delete_permission",
    "fields": {
        "model": "group",
        "description": "Can delete group",
        "type": "delete"
    }
},
{
    "model": "roles.managerpermission",
    "pk": "group_view_permission",
    "fields": {
        "model": "group",
        "description": "Can view group",
        "type": "view"
    }
},
{
    "model": "roles.managerpermission",
    "pk": "logentry_add_permission",
    "fields": {
        "model": "logentry",
        "description": "Can add log entry",
        "type": "add"
    }
},
{
    "model": "roles.managerpermission",
    "pk": "logentry_change_permission",
    "fields": {
        "model": "logentry",
        "description": "Can change log entry",
        "type": "change"
    }
},
{
    "model": "roles.managerpermission",
    "pk": "logentry_delete_permission",
    "fields": {
        "model": "logentry",
        "description": "Can delete log entry",
        "type": "delete"
    }
},
{
    "model": "roles.managerpermission",
    "pk": "logentry_view_permission",
    "fields": {
        "model": "logentry",
        "description": "Can view log entry",
        "type": "view"
    }
},
{
    "model": "roles.managerpermission",
    "pk": "managergroup_add_permission",
    "fields": {
        "model": "managergroup",
        "description": "Can add manager group",
        "type": "add"
    }
},
{
    "model": "roles.managerpermission",
    "pk": "managergroup_change_permission",
    "fields": {
        "model": "managergroup",
        "description": "Can change manager group",
        "type": "change"
    }
},
{
    "model": "roles.managerpermission",
    "pk": "managergroup_delete_permission",
    "fields": {
        "model": "managergroup",
        "description": "Can delete manager group",
        "type": "delete"
    }
},
{
    "model": "roles.managerpermission",
    "pk": "managergroup_view_permission",
    "fields": {
        "model": "managergroup",
        "description": "Can view manager group",
        "type": "view"
    }
},
{
    "model": "roles.managerpermission",
    "pk": "managerpermission_add_permission",
    "fields": {
        "model": "managerpermission",
        "description": "Can add manager permission",
        "type": "add"
    }
},
{
    "model": "roles.managerpermission",
    "pk": "managerpermission_change_permission",
    "fields": {
        "model": "managerpermission",
        "description": "Can change manager permission",
        "type": "change"
    }
},
{
    "model": "roles.managerpermission",
    "pk": "managerpermission_delete_permission",
    "fields": {
        "model": "managerpermission",
        "description": "Can delete manager permission",
        "type": "delete"
    }
},
{
    "model": "roles.managerpermission",
    "pk": "managerpermission_view_permission",
    "fields": {
        "model": "managerpermission",
        "description": "Can view manager permission",
        "type": "view"
    }
},
{
    "model": "roles.managerpermission",
    "pk": "order_add_permission",
    "fields": {
        "model": "order",
        "description": "Can add order",
        "type": "add"
    }
},
{
    "model": "roles.managerpermission",
    "pk": "order_change_permission",
    "fields": {
        "model": "order",
        "description": "Can change order",
        "type": "change"
    }
},
{
    "model": "roles.managerpermission",
    "pk": "order_delete_permission",
    "fields": {
        "model": "order",
        "description": "Can delete order",
        "type": "delete"
    }
},
{
    "model": "roles.managerpermission",
    "pk": "order_view_permission",
    "fields": {
        "model": "order",
        "description": "Can view order",
        "type": "view"
    }
},
{
    "model": "roles.managerpermission",
    "pk": "outstandingtoken_add_permission",
    "fields": {
        "model": "outstandingtoken",
        "description": "Can add outstanding token",
        "type": "add"
    }
},
{
    "model": "roles.managerpermission",
    "pk": "outstandingtoken_change_permission",
    "fields": {
        "model": "outstandingtoken",
        "description": "Can change outstanding token",
        "type": "change"
    }
},
{
    "model": "roles.managerpermission",
    "pk": "outstandingtoken_delete_permission",
    "fields": {
        "model": "outstandingtoken",
        "description": "Can delete outstanding token",
        "type": "delete"
    }
},
{
    "model": "roles.managerpermission",
    "pk": "outstandingtoken_view_permission",
    "fields": {
        "model": "outstandingtoken",
        "description": "Can view outstanding token",
        "type": "view"
    }
},
{
    "model": "roles.managerpermission",
    "pk": "page_add_permission",
    "fields": {
        "model": "page",
        "description": "Can add page",
        "type": "add"
    }
},
{
    "model": "roles.managerpermission",
    "pk": "page_change_permission",
    "fields": {
        "model": "page",
        "description": "Can change page",
        "type": "change"
    }
},
{
    "model": "roles.managerpermission",
    "pk": "page_delete_permission",
    "fields": {
        "model": "page",
        "description": "Can delete page",
        "type": "delete"
    }
},
{
    "model": "roles.managerpermission",
    "pk": "page_view_permission",
    "fields": {
        "model": "page",
        "description": "Can view page",
        "type": "view"
    }
},
{
    "model": "roles.managerpermission",
    "pk": "pagecategory_add_permission",
    "fields": {
        "model": "pagecategory",
        "description": "Can add Page Category",
        "type": "add"
    }
},
{
    "model": "roles.managerpermission",
    "pk": "pagecategory_change_permission",
    "fields": {
        "model": "pagecategory",
        "description": "Can change Page Category",
        "type": "change"
    }
},
{
    "model": "roles.managerpermission",
    "pk": "pagecategory_delete_permission",
    "fields": {
        "model": "pagecategory",
        "description": "Can delete Page Category",
        "type": "delete"
    }
},
{
    "model": "roles.managerpermission",
    "pk": "pagecategory_view_permission",
    "fields": {
        "model": "pagecategory",
        "description": "Can view Page Category",
        "type": "view"
    }
},
{
    "model": "roles.managerpermission",
    "pk": "pagecategorytype_add_permission",
    "fields": {
        "model": "pagecategorytype",
        "description": "Can add Page category type",
        "type": "add"
    }
},
{
    "model": "roles.managerpermission",
    "pk": "pagecategorytype_change_permission",
    "fields": {
        "model": "pagecategorytype",
        "description": "Can change Page category type",
        "type": "change"
    }
},
{
    "model": "roles.managerpermission",
    "pk": "pagecategorytype_delete_permission",
    "fields": {
        "model": "pagecategorytype",
        "description": "Can delete Page category type",
        "type": "delete"
    }
},
{
    "model": "roles.managerpermission",
    "pk": "pagecategorytype_view_permission",
    "fields": {
        "model": "pagecategorytype",
        "description": "Can view Page category type",
        "type": "view"
    }
},
{
    "model": "roles.managerpermission",
    "pk": "pagecms_add_permission",
    "fields": {
        "model": "pagecms",
        "description": "Can add PageCMS",
        "type": "add"
    }
},
{
    "model": "roles.managerpermission",
    "pk": "pagecms_change_permission",
    "fields": {
        "model": "pagecms",
        "description": "Can change PageCMS",
        "type": "change"
    }
},
{
    "model": "roles.managerpermission",
    "pk": "pagecms_delete_permission",
    "fields": {
        "model": "pagecms",
        "description": "Can delete PageCMS",
        "type": "delete"
    }
},
{
    "model": "roles.managerpermission",
    "pk": "pagecms_view_permission",
    "fields": {
        "model": "pagecms",
        "description": "Can view PageCMS",
        "type": "view"
    }
},
{
    "model": "roles.managerpermission",
    "pk": "pagefrontend_add_permission",
    "fields": {
        "model": "pagefrontend",
        "description": "Can add PageFrontend",
        "type": "add"
    }
},
{
    "model": "roles.managerpermission",
    "pk": "pagefrontend_change_permission",
    "fields": {
        "model": "pagefrontend",
        "description": "Can change PageFrontend",
        "type": "change"
    }
},
{
    "model": "roles.managerpermission",
    "pk": "pagefrontend_delete_permission",
    "fields": {
        "model": "pagefrontend",
        "description": "Can delete PageFrontend",
        "type": "delete"
    }
},
{
    "model": "roles.managerpermission",
    "pk": "pagefrontend_view_permission",
    "fields": {
        "model": "pagefrontend",
        "description": "Can view PageFrontend",
        "type": "view"
    }
},
{
    "model": "roles.managerpermission",
    "pk": "paymentmethod_add_permission",
    "fields": {
        "model": "paymentmethod",
        "description": "Can add payment method",
        "type": "add"
    }
},
{
    "model": "roles.managerpermission",
    "pk": "paymentmethod_change_permission",
    "fields": {
        "model": "paymentmethod",
        "description": "Can change payment method",
        "type": "change"
    }
},
{
    "model": "roles.managerpermission",
    "pk": "paymentmethod_delete_permission",
    "fields": {
        "model": "paymentmethod",
        "description": "Can delete payment method",
        "type": "delete"
    }
},
{
    "model": "roles.managerpermission",
    "pk": "paymentmethod_view_permission",
    "fields": {
        "model": "paymentmethod",
        "description": "Can view payment method",
        "type": "view"
    }
},
{
    "model": "roles.managerpermission",
    "pk": "paymentmethodcountry_add_permission",
    "fields": {
        "model": "paymentmethodcountry",
        "description": "Can add payment method country",
        "type": "add"
    }
},
{
    "model": "roles.managerpermission",
    "pk": "paymentmethodcountry_change_permission",
    "fields": {
        "model": "paymentmethodcountry",
        "description": "Can change payment method country",
        "type": "change"
    }
},
{
    "model": "roles.managerpermission",
    "pk": "paymentmethodcountry_delete_permission",
    "fields": {
        "model": "paymentmethodcountry",
        "description": "Can delete payment method country",
        "type": "delete"
    }
},
{
    "model": "roles.managerpermission",
    "pk": "paymentmethodcountry_view_permission",
    "fields": {
        "model": "paymentmethodcountry",
        "description": "Can view payment method country",
        "type": "view"
    }
},
{
    "model": "roles.managerpermission",
    "pk": "permission_add_permission",
    "fields": {
        "model": "permission",
        "description": "Can add permission",
        "type": "add"
    }
},
{
    "model": "roles.managerpermission",
    "pk": "permission_change_permission",
    "fields": {
        "model": "permission",
        "description": "Can change permission",
        "type": "change"
    }
},
{
    "model": "roles.managerpermission",
    "pk": "permission_delete_permission",
    "fields": {
        "model": "permission",
        "description": "Can delete permission",
        "type": "delete"
    }
},
{
    "model": "roles.managerpermission",
    "pk": "permission_view_permission",
    "fields": {
        "model": "permission",
        "description": "Can view permission",
        "type": "view"
    }
},
{
    "model": "roles.managerpermission",
    "pk": "pricelist_add_permission",
    "fields": {
        "model": "pricelist",
        "description": "Can add price list",
        "type": "add"
    }
},
{
    "model": "roles.managerpermission",
    "pk": "pricelist_change_permission",
    "fields": {
        "model": "pricelist",
        "description": "Can change price list",
        "type": "change"
    }
},
{
    "model": "roles.managerpermission",
    "pk": "pricelist_delete_permission",
    "fields": {
        "model": "pricelist",
        "description": "Can delete price list",
        "type": "delete"
    }
},
{
    "model": "roles.managerpermission",
    "pk": "pricelist_view_permission",
    "fields": {
        "model": "pricelist",
        "description": "Can view price list",
        "type": "view"
    }
},
{
    "model": "roles.managerpermission",
    "pk": "product_add_permission",
    "fields": {
        "model": "product",
        "description": "Can add product",
        "type": "add"
    }
},
{
    "model": "roles.managerpermission",
    "pk": "product_change_permission",
    "fields": {
        "model": "product",
        "description": "Can change product",
        "type": "change"
    }
},
{
    "model": "roles.managerpermission",
    "pk": "product_delete_permission",
    "fields": {
        "model": "product",
        "description": "Can delete product",
        "type": "delete"
    }
},
{
    "model": "roles.managerpermission",
    "pk": "product_view_permission",
    "fields": {
        "model": "product",
        "description": "Can view product",
        "type": "view"
    }
},
{
    "model": "roles.managerpermission",
    "pk": "productmedia_add_permission",
    "fields": {
        "model": "productmedia",
        "description": "Can add product media",
        "type": "add"
    }
},
{
    "model": "roles.managerpermission",
    "pk": "productmedia_change_permission",
    "fields": {
        "model": "productmedia",
        "description": "Can change product media",
        "type": "change"
    }
},
{
    "model": "roles.managerpermission",
    "pk": "productmedia_delete_permission",
    "fields": {
        "model": "productmedia",
        "description": "Can delete product media",
        "type": "delete"
    }
},
{
    "model": "roles.managerpermission",
    "pk": "productmedia_view_permission",
    "fields": {
        "model": "productmedia",
        "description": "Can view product media",
        "type": "view"
    }
},
{
    "model": "roles.managerpermission",
    "pk": "productprice_add_permission",
    "fields": {
        "model": "productprice",
        "description": "Can add product price",
        "type": "add"
    }
},
{
    "model": "roles.managerpermission",
    "pk": "productprice_change_permission",
    "fields": {
        "model": "productprice",
        "description": "Can change product price",
        "type": "change"
    }
},
{
    "model": "roles.managerpermission",
    "pk": "productprice_delete_permission",
    "fields": {
        "model": "productprice",
        "description": "Can delete product price",
        "type": "delete"
    }
},
{
    "model": "roles.managerpermission",
    "pk": "productprice_view_permission",
    "fields": {
        "model": "productprice",
        "description": "Can view product price",
        "type": "view"
    }
},
{
    "model": "roles.managerpermission",
    "pk": "producttype_add_permission",
    "fields": {
        "model": "producttype",
        "description": "Can add product type",
        "type": "add"
    }
},
{
    "model": "roles.managerpermission",
    "pk": "producttype_change_permission",
    "fields": {
        "model": "producttype",
        "description": "Can change product type",
        "type": "change"
    }
},
{
    "model": "roles.managerpermission",
    "pk": "producttype_delete_permission",
    "fields": {
        "model": "producttype",
        "description": "Can delete product type",
        "type": "delete"
    }
},
{
    "model": "roles.managerpermission",
    "pk": "producttype_view_permission",
    "fields": {
        "model": "producttype",
        "description": "Can view product type",
        "type": "view"
    }
},
{
    "model": "roles.managerpermission",
    "pk": "productvariant_add_permission",
    "fields": {
        "model": "productvariant",
        "description": "Can add product variant",
        "type": "add"
    }
},
{
    "model": "roles.managerpermission",
    "pk": "productvariant_change_permission",
    "fields": {
        "model": "productvariant",
        "description": "Can change product variant",
        "type": "change"
    }
},
{
    "model": "roles.managerpermission",
    "pk": "productvariant_delete_permission",
    "fields": {
        "model": "productvariant",
        "description": "Can delete product variant",
        "type": "delete"
    }
},
{
    "model": "roles.managerpermission",
    "pk": "productvariant_view_permission",
    "fields": {
        "model": "productvariant",
        "description": "Can view product variant",
        "type": "view"
    }
},
{
    "model": "roles.managerpermission",
    "pk": "productvariantmedia_add_permission",
    "fields": {
        "model": "productvariantmedia",
        "description": "Can add product variant media",
        "type": "add"
    }
},
{
    "model": "roles.managerpermission",
    "pk": "productvariantmedia_change_permission",
    "fields": {
        "model": "productvariantmedia",
        "description": "Can change product variant media",
        "type": "change"
    }
},
{
    "model": "roles.managerpermission",
    "pk": "productvariantmedia_delete_permission",
    "fields": {
        "model": "productvariantmedia",
        "description": "Can delete product variant media",
        "type": "delete"
    }
},
{
    "model": "roles.managerpermission",
    "pk": "productvariantmedia_view_permission",
    "fields": {
        "model": "productvariantmedia",
        "description": "Can view product variant media",
        "type": "view"
    }
},
{
    "model": "roles.managerpermission",
    "pk": "session_add_permission",
    "fields": {
        "model": "session",
        "description": "Can add session",
        "type": "add"
    }
},
{
    "model": "roles.managerpermission",
    "pk": "session_change_permission",
    "fields": {
        "model": "session",
        "description": "Can change session",
        "type": "change"
    }
},
{
    "model": "roles.managerpermission",
    "pk": "session_delete_permission",
    "fields": {
        "model": "session",
        "description": "Can delete session",
        "type": "delete"
    }
},
{
    "model": "roles.managerpermission",
    "pk": "session_view_permission",
    "fields": {
        "model": "session",
        "description": "Can view session",
        "type": "view"
    }
},
{
    "model": "roles.managerpermission",
    "pk": "shippinginfo_add_permission",
    "fields": {
        "model": "shippinginfo",
        "description": "Can add Shipping Address",
        "type": "add"
    }
},
{
    "model": "roles.managerpermission",
    "pk": "shippinginfo_change_permission",
    "fields": {
        "model": "shippinginfo",
        "description": "Can change Shipping Address",
        "type": "change"
    }
},
{
    "model": "roles.managerpermission",
    "pk": "shippinginfo_delete_permission",
    "fields": {
        "model": "shippinginfo",
        "description": "Can delete Shipping Address",
        "type": "delete"
    }
},
{
    "model": "roles.managerpermission",
    "pk": "shippinginfo_view_permission",
    "fields": {
        "model": "shippinginfo",
        "description": "Can view Shipping Address",
        "type": "view"
    }
},
{
    "model": "roles.managerpermission",
    "pk": "shippingmethod_add_permission",
    "fields": {
        "model": "shippingmethod",
        "description": "Can add shipping method",
        "type": "add"
    }
},
{
    "model": "roles.managerpermission",
    "pk": "shippingmethod_change_permission",
    "fields": {
        "model": "shippingmethod",
        "description": "Can change shipping method",
        "type": "change"
    }
},
{
    "model": "roles.managerpermission",
    "pk": "shippingmethod_delete_permission",
    "fields": {
        "model": "shippingmethod",
        "description": "Can delete shipping method",
        "type": "delete"
    }
},
{
    "model": "roles.managerpermission",
    "pk": "shippingmethod_view_permission",
    "fields": {
        "model": "shippingmethod",
        "description": "Can view shipping method",
        "type": "view"
    }
},
{
    "model": "roles.managerpermission",
    "pk": "shippingmethodcountry_add_permission",
    "fields": {
        "model": "shippingmethodcountry",
        "description": "Can add shipping method country",
        "type": "add"
    }
},
{
    "model": "roles.managerpermission",
    "pk": "shippingmethodcountry_change_permission",
    "fields": {
        "model": "shippingmethodcountry",
        "description": "Can change shipping method country",
        "type": "change"
    }
},
{
    "model": "roles.managerpermission",
    "pk": "shippingmethodcountry_delete_permission",
    "fields": {
        "model": "shippingmethodcountry",
        "description": "Can delete shipping method country",
        "type": "delete"
    }
},
{
    "model": "roles.managerpermission",
    "pk": "shippingmethodcountry_view_permission",
    "fields": {
        "model": "shippingmethodcountry",
        "description": "Can view shipping method country",
        "type": "view"
    }
},
{
    "model": "roles.managerpermission",
    "pk": "token_add_permission",
    "fields": {
        "model": "token",
        "description": "Can add Token",
        "type": "add"
    }
},
{
    "model": "roles.managerpermission",
    "pk": "token_change_permission",
    "fields": {
        "model": "token",
        "description": "Can change Token",
        "type": "change"
    }
},
{
    "model": "roles.managerpermission",
    "pk": "token_delete_permission",
    "fields": {
        "model": "token",
        "description": "Can delete Token",
        "type": "delete"
    }
},
{
    "model": "roles.managerpermission",
    "pk": "token_view_permission",
    "fields": {
        "model": "token",
        "description": "Can view Token",
        "type": "view"
    }
},
{
    "model": "roles.managerpermission",
    "pk": "tokenproxy_add_permission",
    "fields": {
        "model": "tokenproxy",
        "description": "Can add token",
        "type": "add"
    }
},
{
    "model": "roles.managerpermission",
    "pk": "tokenproxy_change_permission",
    "fields": {
        "model": "tokenproxy",
        "description": "Can change token",
        "type": "change"
    }
},
{
    "model": "roles.managerpermission",
    "pk": "tokenproxy_delete_permission",
    "fields": {
        "model": "tokenproxy",
        "description": "Can delete token",
        "type": "delete"
    }
},
{
    "model": "roles.managerpermission",
    "pk": "tokenproxy_view_permission",
    "fields": {
        "model": "tokenproxy",
        "description": "Can view token",
        "type": "view"
    }
},
{
    "model": "roles.managerpermission",
    "pk": "user_add_permission",
    "fields": {
        "model": "user",
        "description": "Can add user",
        "type": "add"
    }
},
{
    "model": "roles.managerpermission",
    "pk": "user_change_permission",
    "fields": {
        "model": "user",
        "description": "Can change user",
        "type": "change"
    }
},
{
    "model": "roles.managerpermission",
    "pk": "user_delete_permission",
    "fields": {
        "model": "user",
        "description": "Can delete user",
        "type": "delete"
    }
},
{
    "model": "roles.managerpermission",
    "pk": "user_view_permission",
    "fields": {
        "model": "user",
        "description": "Can view user",
        "type": "view"
    }
},
{
    "model": "roles.managerpermission",
    "pk": "vatgroup_add_permission",
    "fields": {
        "model": "vatgroup",
        "description": "Can add VAT Group",
        "type": "add"
    }
},
{
    "model": "roles.managerpermission",
    "pk": "vatgroup_change_permission",
    "fields": {
        "model": "vatgroup",
        "description": "Can change VAT Group",
        "type": "change"
    }
},
{
    "model": "roles.managerpermission",
    "pk": "vatgroup_delete_permission",
    "fields": {
        "model": "vatgroup",
        "description": "Can delete VAT Group",
        "type": "delete"
    }
},
{
    "model": "roles.managerpermission",
    "pk": "vatgroup_view_permission",
    "fields": {
        "model": "vatgroup",
        "description": "Can view VAT Group",
        "type": "view"
    }
},
{
    "model": "roles.managergroup",
    "pk": "Copywriter",
    "fields": {
        "description": "Copywriter role",
        "permissions": [
            "page_change_permission",
            "product_change_permission",
            "productmedia_change_permission",
            "category_change_permission"
        ]
    }
},
{
    "model": "roles.managergroup",
    "pk": "Editor",
    "fields": {
        "description": "Editor role",
        "permissions": [
            "cart_change_permission",
            "cart_add_permission",
            "productprice_change_permission",
            "productprice_add_permission",
            "productmedia_change_permission",
            "productmedia_add_permission",
            "product_change_permission",
            "product_add_permission",
            "category_change_permission",
            "category_add_permission",
            "page_change_permission",
            "page_add_permission",
            "producttype_change_permission",
            "producttype_add_permission",
            "pricelist_change_permission",
            "pricelist_add_permission",
            "attributetype_change_permission",
            "attributetype_add_permission",
            "baseattribute_change_permission",
            "baseattribute_add_permission"
        ]
    }
},
{
    "model": "roles.managergroup",
    "pk": "UserManager",
    "fields": {
        "description": "User manager role",
        "permissions": [
            "user_add_permission",
            "user_change_permission"
        ]
    }
},
{
    "model": "token_blacklist.outstandingtoken",
    "pk": 1,
    "fields": {
        "user": [
            "admin@example.com"
        ],
        "jti": "e7d01d6da3234ee3bb75391c2cde9bc8",
        "token": "eyJhbGciOiJIUzI1NiIsInR5cCI6IkpXVCJ9.eyJ0b2tlbl90eXBlIjoicmVmcmVzaCIsImV4cCI6MTY4NDQyNDQ4OCwiaWF0IjoxNjg0MzM4MDg4LCJqdGkiOiJlN2QwMWQ2ZGEzMjM0ZWUzYmI3NTM5MWMyY2RlOWJjOCIsInVzZXJfaWQiOiJhZG1pbkBleGFtcGxlLmNvbSJ9.6Bdx6l9mfFeSnV_Pk0KmPe8G6ULrZfFJsk3V6J2WgjI",
        "created_at": "2023-05-17T15:41:28.550Z",
        "expires_at": "2023-05-18T15:41:28Z"
    }
},
{
    "model": "token_blacklist.outstandingtoken",
    "pk": 2,
    "fields": {
        "user": [
            "admin@example.com"
        ],
        "jti": "f22d5b723ac447558ba11ee5a8047f36",
        "token": "eyJhbGciOiJIUzI1NiIsInR5cCI6IkpXVCJ9.eyJ0b2tlbl90eXBlIjoicmVmcmVzaCIsImV4cCI6MTY4NDQyNDQ4OCwiaWF0IjoxNjg0MzM4MDg4LCJqdGkiOiJmMjJkNWI3MjNhYzQ0NzU1OGJhMTFlZTVhODA0N2YzNiIsInVzZXJfaWQiOiJhZG1pbkBleGFtcGxlLmNvbSJ9.ofFuAJlfBeO2RschoKOEr45SXyCxf49AmpArrQVHKsM",
        "created_at": "2023-05-17T15:41:28.553Z",
        "expires_at": "2023-05-18T15:41:28Z"
    }
},
{
    "model": "token_blacklist.outstandingtoken",
    "pk": 3,
    "fields": {
        "user": [
            "admin@example.com"
        ],
        "jti": "22b465e4d8214870908f3f9a07fa7d41",
        "token": "eyJhbGciOiJIUzI1NiIsInR5cCI6IkpXVCJ9.eyJ0b2tlbl90eXBlIjoicmVmcmVzaCIsImV4cCI6MTY4NDQyNDQ4OCwiaWF0IjoxNjg0MzM4MDg4LCJqdGkiOiIyMmI0NjVlNGQ4MjE0ODcwOTA4ZjNmOWEwN2ZhN2Q0MSIsInVzZXJfaWQiOiJhZG1pbkBleGFtcGxlLmNvbSJ9.maYMSGC7CXv9o-CVD0iQKdvRtF1T-5Q9U5wKVvWFWv0",
        "created_at": "2023-05-17T15:41:28.641Z",
        "expires_at": "2023-05-18T15:41:28Z"
    }
},
{
    "model": "token_blacklist.outstandingtoken",
    "pk": 4,
    "fields": {
        "user": [
            "admin@example.com"
        ],
        "jti": "3fe69cc0e80e49a6970e496d961e2fff",
        "token": "eyJhbGciOiJIUzI1NiIsInR5cCI6IkpXVCJ9.eyJ0b2tlbl90eXBlIjoicmVmcmVzaCIsImV4cCI6MTY4NDQyNDQ4OCwiaWF0IjoxNjg0MzM4MDg4LCJqdGkiOiIzZmU2OWNjMGU4MGU0OWE2OTcwZTQ5NmQ5NjFlMmZmZiIsInVzZXJfaWQiOiJhZG1pbkBleGFtcGxlLmNvbSJ9.DvJa_zKwJVpEfMxmRolHSryGPmSxDwb7ny2baC72jqY",
        "created_at": "2023-05-17T15:41:28.643Z",
        "expires_at": "2023-05-18T15:41:28Z"
    }
},
{
    "model": "token_blacklist.outstandingtoken",
    "pk": 5,
    "fields": {
        "user": [
            "admin@example.com"
        ],
        "jti": "569ae22bd10140608006a83c8a49487b",
        "token": "eyJhbGciOiJIUzI1NiIsInR5cCI6IkpXVCJ9.eyJ0b2tlbl90eXBlIjoicmVmcmVzaCIsImV4cCI6MTY4NDQ0MjQyMSwiaWF0IjoxNjg0MzU2MDIxLCJqdGkiOiI1NjlhZTIyYmQxMDE0MDYwODAwNmE4M2M4YTQ5NDg3YiIsInVzZXJfaWQiOiJhZG1pbkBleGFtcGxlLmNvbSJ9.F39QfuIeAf1q62pdP-pXcNiDDB5sm5eAeJfb8d0Tf0Q",
        "created_at": "2023-05-17T20:40:21.326Z",
        "expires_at": "2023-05-18T20:40:21Z"
    }
},
{
    "model": "token_blacklist.outstandingtoken",
    "pk": 6,
    "fields": {
        "user": [
            "admin@example.com"
        ],
        "jti": "fdfd0321d8f544068fadaf321081c428",
        "token": "eyJhbGciOiJIUzI1NiIsInR5cCI6IkpXVCJ9.eyJ0b2tlbl90eXBlIjoicmVmcmVzaCIsImV4cCI6MTY4NDQ0MjQyMSwiaWF0IjoxNjg0MzU2MDIxLCJqdGkiOiJmZGZkMDMyMWQ4ZjU0NDA2OGZhZGFmMzIxMDgxYzQyOCIsInVzZXJfaWQiOiJhZG1pbkBleGFtcGxlLmNvbSJ9.rPc4NfOC96rTsE0DimxMzuBmJXv3-ScQ2ncKeUDzR24",
        "created_at": "2023-05-17T20:40:21.329Z",
        "expires_at": "2023-05-18T20:40:21Z"
    }
},
{
    "model": "token_blacklist.outstandingtoken",
    "pk": 7,
    "fields": {
        "user": [
            "admin@example.com"
        ],
        "jti": "341a16a6d510442490ff37fdfb417524",
        "token": "eyJhbGciOiJIUzI1NiIsInR5cCI6IkpXVCJ9.eyJ0b2tlbl90eXBlIjoicmVmcmVzaCIsImV4cCI6MTY4NDQ0MjQyMSwiaWF0IjoxNjg0MzU2MDIxLCJqdGkiOiIzNDFhMTZhNmQ1MTA0NDI0OTBmZjM3ZmRmYjQxNzUyNCIsInVzZXJfaWQiOiJhZG1pbkBleGFtcGxlLmNvbSJ9.bTBorXtgxpkrIbesc2UuDED0dXrRQulpkjZzAgncEcA",
        "created_at": "2023-05-17T20:40:21.384Z",
        "expires_at": "2023-05-18T20:40:21Z"
    }
},
{
    "model": "token_blacklist.outstandingtoken",
    "pk": 8,
    "fields": {
        "user": [
            "admin@example.com"
        ],
        "jti": "f9d5c05bfdbe4488ac268415c49106e7",
        "token": "eyJhbGciOiJIUzI1NiIsInR5cCI6IkpXVCJ9.eyJ0b2tlbl90eXBlIjoicmVmcmVzaCIsImV4cCI6MTY4NDQ0MjQyMSwiaWF0IjoxNjg0MzU2MDIxLCJqdGkiOiJmOWQ1YzA1YmZkYmU0NDg4YWMyNjg0MTVjNDkxMDZlNyIsInVzZXJfaWQiOiJhZG1pbkBleGFtcGxlLmNvbSJ9.a__utheal0SnI5-uT0nsDaqC9gI-sWhpPCIb7YLVxYU",
        "created_at": "2023-05-17T20:40:21.385Z",
        "expires_at": "2023-05-18T20:40:21Z"
    }
},
{
    "model": "token_blacklist.outstandingtoken",
    "pk": 9,
    "fields": {
        "user": [
            "regTest@gmail.com"
        ],
        "jti": "3215ad8e3d384452a62d36cc05314556",
        "token": "eyJhbGciOiJIUzI1NiIsInR5cCI6IkpXVCJ9.eyJ0b2tlbl90eXBlIjoicmVmcmVzaCIsImV4cCI6MTY4NDQ0Mjg1OCwiaWF0IjoxNjg0MzU2NDU4LCJqdGkiOiIzMjE1YWQ4ZTNkMzg0NDUyYTYyZDM2Y2MwNTMxNDU1NiIsInVzZXJfaWQiOiJyZWdUZXN0QGdtYWlsLmNvbSJ9.-t0I-SwYCJdky0D2zUfEBzY5c-VHhOZacFpT0XbUMC4",
        "created_at": "2023-05-17T20:47:38.546Z",
        "expires_at": "2023-05-18T20:47:38Z"
    }
},
{
    "model": "token_blacklist.outstandingtoken",
    "pk": 10,
    "fields": {
        "user": [
            "regTest@gmail.com"
        ],
        "jti": "ad93576015bd4459a9ad1bb4a58cac48",
        "token": "eyJhbGciOiJIUzI1NiIsInR5cCI6IkpXVCJ9.eyJ0b2tlbl90eXBlIjoicmVmcmVzaCIsImV4cCI6MTY4NDQ0Mjg1OCwiaWF0IjoxNjg0MzU2NDU4LCJqdGkiOiJhZDkzNTc2MDE1YmQ0NDU5YTlhZDFiYjRhNThjYWM0OCIsInVzZXJfaWQiOiJyZWdUZXN0QGdtYWlsLmNvbSJ9.X2Vup0izuGulM9yQUXbkK6sklbxSwdBQoGuD48qtLRc",
        "created_at": "2023-05-17T20:47:38.548Z",
        "expires_at": "2023-05-18T20:47:38Z"
    }
},
{
    "model": "token_blacklist.outstandingtoken",
    "pk": 11,
    "fields": {
        "user": [
            "regTest@gmail.com"
        ],
        "jti": "d28fe22ed2514ffd92dd59fb1e4ca01b",
        "token": "eyJhbGciOiJIUzI1NiIsInR5cCI6IkpXVCJ9.eyJ0b2tlbl90eXBlIjoicmVmcmVzaCIsImV4cCI6MTY4NDQ0Mjg1OCwiaWF0IjoxNjg0MzU2NDU4LCJqdGkiOiJkMjhmZTIyZWQyNTE0ZmZkOTJkZDU5ZmIxZTRjYTAxYiIsInVzZXJfaWQiOiJyZWdUZXN0QGdtYWlsLmNvbSJ9.bu8-SjwN1CTMZaXlY07GcD7pwZOjqVoWefD0cJW50Ug",
        "created_at": "2023-05-17T20:47:38.602Z",
        "expires_at": "2023-05-18T20:47:38Z"
    }
},
{
    "model": "token_blacklist.outstandingtoken",
    "pk": 12,
    "fields": {
        "user": [
            "regTest@gmail.com"
        ],
        "jti": "9e5ed9421ffd4dc5b01b9cd41d423030",
        "token": "eyJhbGciOiJIUzI1NiIsInR5cCI6IkpXVCJ9.eyJ0b2tlbl90eXBlIjoicmVmcmVzaCIsImV4cCI6MTY4NDQ0Mjg1OCwiaWF0IjoxNjg0MzU2NDU4LCJqdGkiOiI5ZTVlZDk0MjFmZmQ0ZGM1YjAxYjljZDQxZDQyMzAzMCIsInVzZXJfaWQiOiJyZWdUZXN0QGdtYWlsLmNvbSJ9.qsHbAmEiJZUvzc3Ceu3x0Z4cB442vb1gAZ_1BJy_f0s",
        "created_at": "2023-05-17T20:47:38.603Z",
        "expires_at": "2023-05-18T20:47:38Z"
    }
},
{
    "model": "token_blacklist.outstandingtoken",
    "pk": 13,
    "fields": {
        "user": [
            "admin@example.com"
        ],
        "jti": "a62ff1c2e46646638cb59e6b1f9a496a",
        "token": "eyJhbGciOiJIUzI1NiIsInR5cCI6IkpXVCJ9.eyJ0b2tlbl90eXBlIjoicmVmcmVzaCIsImV4cCI6MTY4NDQ5OTIwMSwiaWF0IjoxNjg0NDEyODAxLCJqdGkiOiJhNjJmZjFjMmU0NjY0NjYzOGNiNTllNmIxZjlhNDk2YSIsInVzZXJfaWQiOiJhZG1pbkBleGFtcGxlLmNvbSJ9.Oh1UZsQiBv6zN1fG_TwBtc8HcF_KCnRwtJNfm0GTz4k",
        "created_at": "2023-05-18T12:26:41.051Z",
        "expires_at": "2023-05-19T12:26:41Z"
    }
},
{
    "model": "token_blacklist.outstandingtoken",
    "pk": 14,
    "fields": {
        "user": [
            "admin@example.com"
        ],
        "jti": "c33fabccffae4f7b8b42f9f1e0c5b2de",
        "token": "eyJhbGciOiJIUzI1NiIsInR5cCI6IkpXVCJ9.eyJ0b2tlbl90eXBlIjoicmVmcmVzaCIsImV4cCI6MTY4NDQ5OTIwMSwiaWF0IjoxNjg0NDEyODAxLCJqdGkiOiJjMzNmYWJjY2ZmYWU0ZjdiOGI0MmY5ZjFlMGM1YjJkZSIsInVzZXJfaWQiOiJhZG1pbkBleGFtcGxlLmNvbSJ9.xo4kuUFR7J6lTy0BfkQZUNtnRW-qa95G-kZItQee_N8",
        "created_at": "2023-05-18T12:26:41.069Z",
        "expires_at": "2023-05-19T12:26:41Z"
    }
},
{
    "model": "token_blacklist.outstandingtoken",
    "pk": 15,
    "fields": {
        "user": [
            "admin@example.com"
        ],
        "jti": "9f4942a8d0834a869aaecdb96bca0fac",
        "token": "eyJhbGciOiJIUzI1NiIsInR5cCI6IkpXVCJ9.eyJ0b2tlbl90eXBlIjoicmVmcmVzaCIsImV4cCI6MTY4NDQ5OTIwMSwiaWF0IjoxNjg0NDEyODAxLCJqdGkiOiI5ZjQ5NDJhOGQwODM0YTg2OWFhZWNkYjk2YmNhMGZhYyIsInVzZXJfaWQiOiJhZG1pbkBleGFtcGxlLmNvbSJ9.cqqBgB2uZqrdrpYEKvIN5KtjpldUq7ik0ly_4wLYmLU",
        "created_at": "2023-05-18T12:26:41.151Z",
        "expires_at": "2023-05-19T12:26:41Z"
    }
},
{
    "model": "token_blacklist.outstandingtoken",
    "pk": 16,
    "fields": {
        "user": [
            "admin@example.com"
        ],
        "jti": "1ed914fb4b36468c89ecf6d4239145ba",
        "token": "eyJhbGciOiJIUzI1NiIsInR5cCI6IkpXVCJ9.eyJ0b2tlbl90eXBlIjoicmVmcmVzaCIsImV4cCI6MTY4NDQ5OTIwMSwiaWF0IjoxNjg0NDEyODAxLCJqdGkiOiIxZWQ5MTRmYjRiMzY0NjhjODllY2Y2ZDQyMzkxNDViYSIsInVzZXJfaWQiOiJhZG1pbkBleGFtcGxlLmNvbSJ9.q6zf3w5_ch1Qv_WtiA4k6aItV0IRcyk2SU_eIy1k_4M",
        "created_at": "2023-05-18T12:26:41.163Z",
        "expires_at": "2023-05-19T12:26:41Z"
    }
},
{
    "model": "token_blacklist.outstandingtoken",
    "pk": 17,
    "fields": {
        "user": [
            "regTest@gmail.com"
        ],
        "jti": "2edc7a0154f94294819549d82cf26a3c",
        "token": "eyJhbGciOiJIUzI1NiIsInR5cCI6IkpXVCJ9.eyJ0b2tlbl90eXBlIjoicmVmcmVzaCIsImV4cCI6MTY4NDQ5OTIyMywiaWF0IjoxNjg0NDEyODIzLCJqdGkiOiIyZWRjN2EwMTU0Zjk0Mjk0ODE5NTQ5ZDgyY2YyNmEzYyIsInVzZXJfaWQiOiJyZWdUZXN0QGdtYWlsLmNvbSJ9.Zl3HbvQnXkYm6CI3d7V7j9xeOJy2xDlmrUqhK99pv0Y",
        "created_at": "2023-05-18T12:27:03.424Z",
        "expires_at": "2023-05-19T12:27:03Z"
    }
},
{
    "model": "token_blacklist.outstandingtoken",
    "pk": 18,
    "fields": {
        "user": [
            "regTest@gmail.com"
        ],
        "jti": "d47ca0f169f04299b969fbb3e9032741",
        "token": "eyJhbGciOiJIUzI1NiIsInR5cCI6IkpXVCJ9.eyJ0b2tlbl90eXBlIjoicmVmcmVzaCIsImV4cCI6MTY4NDQ5OTIyMywiaWF0IjoxNjg0NDEyODIzLCJqdGkiOiJkNDdjYTBmMTY5ZjA0Mjk5Yjk2OWZiYjNlOTAzMjc0MSIsInVzZXJfaWQiOiJyZWdUZXN0QGdtYWlsLmNvbSJ9.B1Bmb4MhYn09aBLeldiw230pE-mkw8DUmFXNtOnTcYk",
        "created_at": "2023-05-18T12:27:03.439Z",
        "expires_at": "2023-05-19T12:27:03Z"
    }
},
{
    "model": "token_blacklist.outstandingtoken",
    "pk": 19,
    "fields": {
        "user": [
            "regTest@gmail.com"
        ],
        "jti": "99d2091a636547d1a1ef868654e96e95",
        "token": "eyJhbGciOiJIUzI1NiIsInR5cCI6IkpXVCJ9.eyJ0b2tlbl90eXBlIjoicmVmcmVzaCIsImV4cCI6MTY4NDQ5OTIyMywiaWF0IjoxNjg0NDEyODIzLCJqdGkiOiI5OWQyMDkxYTYzNjU0N2QxYTFlZjg2ODY1NGU5NmU5NSIsInVzZXJfaWQiOiJyZWdUZXN0QGdtYWlsLmNvbSJ9.uZuBr86AdJ6tuzzGA9jfy2evcUev9xVC2b4c9340LW4",
        "created_at": "2023-05-18T12:27:03.511Z",
        "expires_at": "2023-05-19T12:27:03Z"
    }
},
{
    "model": "token_blacklist.outstandingtoken",
    "pk": 20,
    "fields": {
        "user": [
            "regTest@gmail.com"
        ],
        "jti": "0fd2c8c481674419a1f406c2d2297243",
        "token": "eyJhbGciOiJIUzI1NiIsInR5cCI6IkpXVCJ9.eyJ0b2tlbl90eXBlIjoicmVmcmVzaCIsImV4cCI6MTY4NDQ5OTIyMywiaWF0IjoxNjg0NDEyODIzLCJqdGkiOiIwZmQyYzhjNDgxNjc0NDE5YTFmNDA2YzJkMjI5NzI0MyIsInVzZXJfaWQiOiJyZWdUZXN0QGdtYWlsLmNvbSJ9.Pavfkvo6km20hT3XwJ-yEkwS2qIc0_dooh-GTUmMrO0",
        "created_at": "2023-05-18T12:27:03.524Z",
        "expires_at": "2023-05-19T12:27:03Z"
    }
},
{
    "model": "token_blacklist.outstandingtoken",
    "pk": 21,
    "fields": {
        "user": [
            "admin@example.com"
        ],
        "jti": "8e941b2c1ce94abe8eab1451d1376f0b",
        "token": "eyJhbGciOiJIUzI1NiIsInR5cCI6IkpXVCJ9.eyJ0b2tlbl90eXBlIjoicmVmcmVzaCIsImV4cCI6MTY4NDU2MjQxNiwiaWF0IjoxNjg0NDc2MDE2LCJqdGkiOiI4ZTk0MWIyYzFjZTk0YWJlOGVhYjE0NTFkMTM3NmYwYiIsInVzZXJfaWQiOiJhZG1pbkBleGFtcGxlLmNvbSJ9.O-d3h2uZktkqhKlNf6_CTAhcMAFgFztXdbaJ6waIcp0",
        "created_at": "2023-05-19T06:00:16.311Z",
        "expires_at": "2023-05-20T06:00:16Z"
    }
},
{
    "model": "token_blacklist.outstandingtoken",
    "pk": 22,
    "fields": {
        "user": [
            "admin@example.com"
        ],
        "jti": "cbbd5d0edee040ec8543bbda88844812",
        "token": "eyJhbGciOiJIUzI1NiIsInR5cCI6IkpXVCJ9.eyJ0b2tlbl90eXBlIjoicmVmcmVzaCIsImV4cCI6MTY4NDU2MjQxNiwiaWF0IjoxNjg0NDc2MDE2LCJqdGkiOiJjYmJkNWQwZWRlZTA0MGVjODU0M2JiZGE4ODg0NDgxMiIsInVzZXJfaWQiOiJhZG1pbkBleGFtcGxlLmNvbSJ9.PVOg7-TudIGVcaaJv0XFza2NOAXg9ghIUzMru_bza6Q",
        "created_at": "2023-05-19T06:00:16.339Z",
        "expires_at": "2023-05-20T06:00:16Z"
    }
},
{
    "model": "token_blacklist.outstandingtoken",
    "pk": 23,
    "fields": {
        "user": [
            "admin@example.com"
        ],
        "jti": "f0a1d94dc40e476581b00298dda74120",
        "token": "eyJhbGciOiJIUzI1NiIsInR5cCI6IkpXVCJ9.eyJ0b2tlbl90eXBlIjoicmVmcmVzaCIsImV4cCI6MTY4NDU2MjQxNiwiaWF0IjoxNjg0NDc2MDE2LCJqdGkiOiJmMGExZDk0ZGM0MGU0NzY1ODFiMDAyOThkZGE3NDEyMCIsInVzZXJfaWQiOiJhZG1pbkBleGFtcGxlLmNvbSJ9.5RB_stTBiDYobeobqogeYRJSJ2RKUMYSOD0b0hnvz-0",
        "created_at": "2023-05-19T06:00:16.427Z",
        "expires_at": "2023-05-20T06:00:16Z"
    }
},
{
    "model": "token_blacklist.outstandingtoken",
    "pk": 24,
    "fields": {
        "user": [
            "admin@example.com"
        ],
        "jti": "d5da0392acd744f9bec42b41490d0595",
        "token": "eyJhbGciOiJIUzI1NiIsInR5cCI6IkpXVCJ9.eyJ0b2tlbl90eXBlIjoicmVmcmVzaCIsImV4cCI6MTY4NDU2MjQxNiwiaWF0IjoxNjg0NDc2MDE2LCJqdGkiOiJkNWRhMDM5MmFjZDc0NGY5YmVjNDJiNDE0OTBkMDU5NSIsInVzZXJfaWQiOiJhZG1pbkBleGFtcGxlLmNvbSJ9.ImWSnfpRkDp7hz8nA1RzPAupOnI6h62K_iM6OtSOCw0",
        "created_at": "2023-05-19T06:00:16.442Z",
        "expires_at": "2023-05-20T06:00:16Z"
    }
},
{
    "model": "token_blacklist.outstandingtoken",
    "pk": 25,
    "fields": {
        "user": [
            "admin@example.com"
        ],
        "jti": "0fcc971c1ee84ee5a6d2bb63224de384",
        "token": "eyJhbGciOiJIUzI1NiIsInR5cCI6IkpXVCJ9.eyJ0b2tlbl90eXBlIjoicmVmcmVzaCIsImV4cCI6MTY4NTAwNjMyOSwiaWF0IjoxNjg0OTE5OTI5LCJqdGkiOiIwZmNjOTcxYzFlZTg0ZWU1YTZkMmJiNjMyMjRkZTM4NCIsInVzZXJfaWQiOiJhZG1pbkBleGFtcGxlLmNvbSJ9.IWTxiTPaJ-942tT7e6pwE9P5vh1opnwNvORlqWcyErE",
        "created_at": "2023-05-24T09:18:49.011Z",
        "expires_at": "2023-05-25T09:18:49Z"
    }
},
{
    "model": "token_blacklist.outstandingtoken",
    "pk": 26,
    "fields": {
        "user": [
            "admin@example.com"
        ],
        "jti": "ccae4b7ef6254f53a3534074cfd778b4",
        "token": "eyJhbGciOiJIUzI1NiIsInR5cCI6IkpXVCJ9.eyJ0b2tlbl90eXBlIjoicmVmcmVzaCIsImV4cCI6MTY4NTAwNjMyOSwiaWF0IjoxNjg0OTE5OTI5LCJqdGkiOiJjY2FlNGI3ZWY2MjU0ZjUzYTM1MzQwNzRjZmQ3NzhiNCIsInVzZXJfaWQiOiJhZG1pbkBleGFtcGxlLmNvbSJ9.FCRbHh-XxTnIBjXWCEL8SrEeloWTf7aY5wjpZvk3HkM",
        "created_at": "2023-05-24T09:18:49.029Z",
        "expires_at": "2023-05-25T09:18:49Z"
    }
},
{
    "model": "token_blacklist.outstandingtoken",
    "pk": 27,
    "fields": {
        "user": [
            "admin@example.com"
        ],
        "jti": "de490f7361df420b98678ecb68d32b11",
        "token": "eyJhbGciOiJIUzI1NiIsInR5cCI6IkpXVCJ9.eyJ0b2tlbl90eXBlIjoicmVmcmVzaCIsImV4cCI6MTY4NTAwNjMyOSwiaWF0IjoxNjg0OTE5OTI5LCJqdGkiOiJkZTQ5MGY3MzYxZGY0MjBiOTg2NzhlY2I2OGQzMmIxMSIsInVzZXJfaWQiOiJhZG1pbkBleGFtcGxlLmNvbSJ9.5aXobXpzGHPyQel0UlTEIMn6Wk59RgACh7twYjs9dP8",
        "created_at": "2023-05-24T09:18:49.099Z",
        "expires_at": "2023-05-25T09:18:49Z"
    }
},
{
    "model": "token_blacklist.outstandingtoken",
    "pk": 28,
    "fields": {
        "user": [
            "admin@example.com"
        ],
        "jti": "1ebc5d4b209f4aceb98a33f2f883c294",
        "token": "eyJhbGciOiJIUzI1NiIsInR5cCI6IkpXVCJ9.eyJ0b2tlbl90eXBlIjoicmVmcmVzaCIsImV4cCI6MTY4NTAwNjMyOSwiaWF0IjoxNjg0OTE5OTI5LCJqdGkiOiIxZWJjNWQ0YjIwOWY0YWNlYjk4YTMzZjJmODgzYzI5NCIsInVzZXJfaWQiOiJhZG1pbkBleGFtcGxlLmNvbSJ9.U4e7iLluyHHzGBdqquzS9AF-furD6HOE0QC_OcLjGUk",
        "created_at": "2023-05-24T09:18:49.118Z",
        "expires_at": "2023-05-25T09:18:49Z"
    }
},
{
    "model": "token_blacklist.outstandingtoken",
    "pk": 29,
    "fields": {
        "user": [
            "admin@example.com"
        ],
        "jti": "3cdb01ba65b543fba347405433b51f35",
        "token": "eyJhbGciOiJIUzI1NiIsInR5cCI6IkpXVCJ9.eyJ0b2tlbl90eXBlIjoicmVmcmVzaCIsImV4cCI6MTY4NTE4NjUyNSwiaWF0IjoxNjg1MTAwMTI1LCJqdGkiOiIzY2RiMDFiYTY1YjU0M2ZiYTM0NzQwNTQzM2I1MWYzNSIsInVzZXJfaWQiOiJhZG1pbkBleGFtcGxlLmNvbSJ9.NY403oZaA52R5j9egTUHKonu0uBdosZIl-J_pj6aYQs",
        "created_at": "2023-05-26T11:22:05.244Z",
        "expires_at": "2023-05-27T11:22:05Z"
    }
},
{
    "model": "token_blacklist.outstandingtoken",
    "pk": 30,
    "fields": {
        "user": [
            "admin@example.com"
        ],
        "jti": "ffa02f0e55664e6a9020c6c89a039b14",
        "token": "eyJhbGciOiJIUzI1NiIsInR5cCI6IkpXVCJ9.eyJ0b2tlbl90eXBlIjoicmVmcmVzaCIsImV4cCI6MTY4NTE4NjUyNSwiaWF0IjoxNjg1MTAwMTI1LCJqdGkiOiJmZmEwMmYwZTU1NjY0ZTZhOTAyMGM2Yzg5YTAzOWIxNCIsInVzZXJfaWQiOiJhZG1pbkBleGFtcGxlLmNvbSJ9.wIONR3nt5AEVZGa6o1SBnx7LfD_0Ql-I0GmE-W2m-AY",
        "created_at": "2023-05-26T11:22:05.261Z",
        "expires_at": "2023-05-27T11:22:05Z"
    }
},
{
    "model": "token_blacklist.outstandingtoken",
    "pk": 31,
    "fields": {
        "user": [
            "admin@example.com"
        ],
        "jti": "ce146d2175aa4f7597f2538940b53f09",
        "token": "eyJhbGciOiJIUzI1NiIsInR5cCI6IkpXVCJ9.eyJ0b2tlbl90eXBlIjoicmVmcmVzaCIsImV4cCI6MTY4NTE4NjUyNSwiaWF0IjoxNjg1MTAwMTI1LCJqdGkiOiJjZTE0NmQyMTc1YWE0Zjc1OTdmMjUzODk0MGI1M2YwOSIsInVzZXJfaWQiOiJhZG1pbkBleGFtcGxlLmNvbSJ9.ph172r_PCo46kNbKtIqC2auNBBdDRoKgwp65PpX5mxY",
        "created_at": "2023-05-26T11:22:05.333Z",
        "expires_at": "2023-05-27T11:22:05Z"
    }
},
{
    "model": "token_blacklist.outstandingtoken",
    "pk": 32,
    "fields": {
        "user": [
            "admin@example.com"
        ],
        "jti": "81e65d8cb42b41f282051106a9c4acab",
        "token": "eyJhbGciOiJIUzI1NiIsInR5cCI6IkpXVCJ9.eyJ0b2tlbl90eXBlIjoicmVmcmVzaCIsImV4cCI6MTY4NTE4NjUyNSwiaWF0IjoxNjg1MTAwMTI1LCJqdGkiOiI4MWU2NWQ4Y2I0MmI0MWYyODIwNTExMDZhOWM0YWNhYiIsInVzZXJfaWQiOiJhZG1pbkBleGFtcGxlLmNvbSJ9.4ATINbWIbq184_vic9TQp3iBiLuz9CE9HunZrxnmqeQ",
        "created_at": "2023-05-26T11:22:05.348Z",
        "expires_at": "2023-05-27T11:22:05Z"
    }
},
{
    "model": "token_blacklist.outstandingtoken",
    "pk": 33,
    "fields": {
        "user": [
            "admin@example.com"
        ],
        "jti": "772bbc00e6a440ed9c41027f7d3f64b2",
        "token": "eyJhbGciOiJIUzI1NiIsInR5cCI6IkpXVCJ9.eyJ0b2tlbl90eXBlIjoicmVmcmVzaCIsImV4cCI6MTY4NTE4ODIxOCwiaWF0IjoxNjg1MTAxODE4LCJqdGkiOiI3NzJiYmMwMGU2YTQ0MGVkOWM0MTAyN2Y3ZDNmNjRiMiIsInVzZXJfaWQiOiJhZG1pbkBleGFtcGxlLmNvbSJ9.8yFnGGKJbOtTbwn0-cT_yNf00IGDrJacuCCujWmpCFI",
        "created_at": "2023-05-26T11:50:18.752Z",
        "expires_at": "2023-05-27T11:50:18Z"
    }
},
{
    "model": "token_blacklist.outstandingtoken",
    "pk": 34,
    "fields": {
        "user": [
            "admin@example.com"
        ],
        "jti": "933477f491d1414497dfd2866b3ced0c",
        "token": "eyJhbGciOiJIUzI1NiIsInR5cCI6IkpXVCJ9.eyJ0b2tlbl90eXBlIjoicmVmcmVzaCIsImV4cCI6MTY4NTE4ODIxOCwiaWF0IjoxNjg1MTAxODE4LCJqdGkiOiI5MzM0NzdmNDkxZDE0MTQ0OTdkZmQyODY2YjNjZWQwYyIsInVzZXJfaWQiOiJhZG1pbkBleGFtcGxlLmNvbSJ9.VpZyqtRTK7kI6tQPuH_kimItm_7nSQHL_uYr70leQ04",
        "created_at": "2023-05-26T11:50:18.768Z",
        "expires_at": "2023-05-27T11:50:18Z"
    }
},
{
    "model": "token_blacklist.outstandingtoken",
    "pk": 35,
    "fields": {
        "user": [
            "admin@example.com"
        ],
        "jti": "4c776173d97a4f8786483058088ec1ea",
        "token": "eyJhbGciOiJIUzI1NiIsInR5cCI6IkpXVCJ9.eyJ0b2tlbl90eXBlIjoicmVmcmVzaCIsImV4cCI6MTY4NTE4ODIxOCwiaWF0IjoxNjg1MTAxODE4LCJqdGkiOiI0Yzc3NjE3M2Q5N2E0Zjg3ODY0ODMwNTgwODhlYzFlYSIsInVzZXJfaWQiOiJhZG1pbkBleGFtcGxlLmNvbSJ9.FOkZXPY8LVUZL6v09qsrjKBqtNV1F3wiWtsJPlLxlkw",
        "created_at": "2023-05-26T11:50:18.839Z",
        "expires_at": "2023-05-27T11:50:18Z"
    }
},
{
    "model": "token_blacklist.outstandingtoken",
    "pk": 36,
    "fields": {
        "user": [
            "admin@example.com"
        ],
        "jti": "ecf27d76858b4eee82c98d07fb12eda4",
        "token": "eyJhbGciOiJIUzI1NiIsInR5cCI6IkpXVCJ9.eyJ0b2tlbl90eXBlIjoicmVmcmVzaCIsImV4cCI6MTY4NTE4ODIxOCwiaWF0IjoxNjg1MTAxODE4LCJqdGkiOiJlY2YyN2Q3Njg1OGI0ZWVlODJjOThkMDdmYjEyZWRhNCIsInVzZXJfaWQiOiJhZG1pbkBleGFtcGxlLmNvbSJ9.-UiyO4uFJAwUglucThDFF6amDCXGkmopKVbXaiJPgfc",
        "created_at": "2023-05-26T11:50:18.851Z",
        "expires_at": "2023-05-27T11:50:18Z"
    }
},
{
    "model": "token_blacklist.outstandingtoken",
    "pk": 37,
    "fields": {
        "user": [
            "admin@example.com"
        ],
        "jti": "245cf7f27fe640f1a588621a75c10f44",
        "token": "eyJhbGciOiJIUzI1NiIsInR5cCI6IkpXVCJ9.eyJ0b2tlbl90eXBlIjoicmVmcmVzaCIsImV4cCI6MTY4NTM2NDgwNSwiaWF0IjoxNjg1Mjc4NDA1LCJqdGkiOiIyNDVjZjdmMjdmZTY0MGYxYTU4ODYyMWE3NWMxMGY0NCIsInVzZXJfaWQiOiJhZG1pbkBleGFtcGxlLmNvbSJ9.RwJtqUpbANnIkYxXpK1pVgxkhquP_CsoiLVWUhL2cIE",
        "created_at": "2023-05-28T12:53:25.603Z",
        "expires_at": "2023-05-29T12:53:25Z"
    }
},
{
    "model": "token_blacklist.outstandingtoken",
    "pk": 38,
    "fields": {
        "user": [
            "admin@example.com"
        ],
        "jti": "8b6037ec7bbb40ec94f6e2f701526847",
        "token": "eyJhbGciOiJIUzI1NiIsInR5cCI6IkpXVCJ9.eyJ0b2tlbl90eXBlIjoicmVmcmVzaCIsImV4cCI6MTY4NTM2NDgwNSwiaWF0IjoxNjg1Mjc4NDA1LCJqdGkiOiI4YjYwMzdlYzdiYmI0MGVjOTRmNmUyZjcwMTUyNjg0NyIsInVzZXJfaWQiOiJhZG1pbkBleGFtcGxlLmNvbSJ9.WBkX1dvFjvF7kEqVNfCQ4E8aUroKUE8SK-R4i3vtqYU",
        "created_at": "2023-05-28T12:53:25.620Z",
        "expires_at": "2023-05-29T12:53:25Z"
    }
},
{
    "model": "token_blacklist.outstandingtoken",
    "pk": 39,
    "fields": {
        "user": [
            "admin@example.com"
        ],
        "jti": "973bcd252f5e4c49b56a2adb3441e31d",
        "token": "eyJhbGciOiJIUzI1NiIsInR5cCI6IkpXVCJ9.eyJ0b2tlbl90eXBlIjoicmVmcmVzaCIsImV4cCI6MTY4NTM2NDgwNSwiaWF0IjoxNjg1Mjc4NDA1LCJqdGkiOiI5NzNiY2QyNTJmNWU0YzQ5YjU2YTJhZGIzNDQxZTMxZCIsInVzZXJfaWQiOiJhZG1pbkBleGFtcGxlLmNvbSJ9.Rtc926SdwJ8TDT3qVs6-ltbA4SvKHhfepavE9VRoMq4",
        "created_at": "2023-05-28T12:53:25.689Z",
        "expires_at": "2023-05-29T12:53:25Z"
    }
},
{
    "model": "token_blacklist.outstandingtoken",
    "pk": 40,
    "fields": {
        "user": [
            "admin@example.com"
        ],
        "jti": "683e9b1d1dc9481caac38b492d3ccead",
        "token": "eyJhbGciOiJIUzI1NiIsInR5cCI6IkpXVCJ9.eyJ0b2tlbl90eXBlIjoicmVmcmVzaCIsImV4cCI6MTY4NTM2NDgwNSwiaWF0IjoxNjg1Mjc4NDA1LCJqdGkiOiI2ODNlOWIxZDFkYzk0ODFjYWFjMzhiNDkyZDNjY2VhZCIsInVzZXJfaWQiOiJhZG1pbkBleGFtcGxlLmNvbSJ9.KphLVSz0y965yF2qgSpTpIg7h8bYz8e1ptNdeAt5Ln8",
        "created_at": "2023-05-28T12:53:25.701Z",
        "expires_at": "2023-05-29T12:53:25Z"
    }
},
{
    "model": "token_blacklist.outstandingtoken",
    "pk": 41,
    "fields": {
        "user": [
            "admin@example.com"
        ],
        "jti": "a8a33de1c69440c2a1e8c6e23d9b5c73",
        "token": "eyJhbGciOiJIUzI1NiIsInR5cCI6IkpXVCJ9.eyJ0b2tlbl90eXBlIjoicmVmcmVzaCIsImV4cCI6MTY4NTM2NDg0NCwiaWF0IjoxNjg1Mjc4NDQ0LCJqdGkiOiJhOGEzM2RlMWM2OTQ0MGMyYTFlOGM2ZTIzZDliNWM3MyIsInVzZXJfaWQiOiJhZG1pbkBleGFtcGxlLmNvbSJ9.DhraDLwVWq_DoX0Nm8C4Fhd5qjEGsTVJ8rlrABEp8HY",
        "created_at": "2023-05-28T12:54:04.988Z",
        "expires_at": "2023-05-29T12:54:04Z"
    }
},
{
    "model": "token_blacklist.outstandingtoken",
    "pk": 42,
    "fields": {
        "user": [
            "admin@example.com"
        ],
        "jti": "fc6bf8c82127434c993821c3e710d366",
        "token": "eyJhbGciOiJIUzI1NiIsInR5cCI6IkpXVCJ9.eyJ0b2tlbl90eXBlIjoicmVmcmVzaCIsImV4cCI6MTY4NTM2NDg0NSwiaWF0IjoxNjg1Mjc4NDQ1LCJqdGkiOiJmYzZiZjhjODIxMjc0MzRjOTkzODIxYzNlNzEwZDM2NiIsInVzZXJfaWQiOiJhZG1pbkBleGFtcGxlLmNvbSJ9.TfUIejHQ1hNvfKdMO8ee9ZfkRkpu8G7H43qJohC6n14",
        "created_at": "2023-05-28T12:54:05.005Z",
        "expires_at": "2023-05-29T12:54:05Z"
    }
},
{
    "model": "token_blacklist.outstandingtoken",
    "pk": 43,
    "fields": {
        "user": [
            "admin@example.com"
        ],
        "jti": "23c81d358ff44dd181e895d9d2ac8eae",
        "token": "eyJhbGciOiJIUzI1NiIsInR5cCI6IkpXVCJ9.eyJ0b2tlbl90eXBlIjoicmVmcmVzaCIsImV4cCI6MTY4NTM2NDg0NSwiaWF0IjoxNjg1Mjc4NDQ1LCJqdGkiOiIyM2M4MWQzNThmZjQ0ZGQxODFlODk1ZDlkMmFjOGVhZSIsInVzZXJfaWQiOiJhZG1pbkBleGFtcGxlLmNvbSJ9.D8B9wKKGy0eMAxxrtuAx_TAX1K6FXF95yrLcsjygLTg",
        "created_at": "2023-05-28T12:54:05.082Z",
        "expires_at": "2023-05-29T12:54:05Z"
    }
},
{
    "model": "token_blacklist.outstandingtoken",
    "pk": 44,
    "fields": {
        "user": [
            "admin@example.com"
        ],
        "jti": "be0b33d8672b4f8192b850ee61695619",
        "token": "eyJhbGciOiJIUzI1NiIsInR5cCI6IkpXVCJ9.eyJ0b2tlbl90eXBlIjoicmVmcmVzaCIsImV4cCI6MTY4NTM2NDg0NSwiaWF0IjoxNjg1Mjc4NDQ1LCJqdGkiOiJiZTBiMzNkODY3MmI0ZjgxOTJiODUwZWU2MTY5NTYxOSIsInVzZXJfaWQiOiJhZG1pbkBleGFtcGxlLmNvbSJ9.wS-3zNPlA7UsY_j6-KWey9HkDa85QIR82QK2_N_jQBI",
        "created_at": "2023-05-28T12:54:05.094Z",
        "expires_at": "2023-05-29T12:54:05Z"
    }
},
{
    "model": "token_blacklist.outstandingtoken",
    "pk": 45,
    "fields": {
        "user": [
            "non_is_staff_user@example.com"
        ],
        "jti": "566801de9a12462e89534577e8e2527d",
        "token": "eyJhbGciOiJIUzI1NiIsInR5cCI6IkpXVCJ9.eyJ0b2tlbl90eXBlIjoicmVmcmVzaCIsImV4cCI6MTY4NTM2NDg2OCwiaWF0IjoxNjg1Mjc4NDY4LCJqdGkiOiI1NjY4MDFkZTlhMTI0NjJlODk1MzQ1NzdlOGUyNTI3ZCIsInVzZXJfaWQiOiJub25faXNfc3RhZmZfdXNlckBleGFtcGxlLmNvbSJ9.gwowhVcVfBgWFQe8BGVHkJyvQW4p0u0_yw6Rk7xlKUQ",
        "created_at": "2023-05-28T12:54:28.050Z",
        "expires_at": "2023-05-29T12:54:28Z"
    }
},
{
    "model": "token_blacklist.outstandingtoken",
    "pk": 46,
    "fields": {
        "user": [
            "non_is_staff_user@example.com"
        ],
        "jti": "21a301a08ba04f89bc755e3968c5780b",
        "token": "eyJhbGciOiJIUzI1NiIsInR5cCI6IkpXVCJ9.eyJ0b2tlbl90eXBlIjoicmVmcmVzaCIsImV4cCI6MTY4NTM2NDg2OCwiaWF0IjoxNjg1Mjc4NDY4LCJqdGkiOiIyMWEzMDFhMDhiYTA0Zjg5YmM3NTVlMzk2OGM1NzgwYiIsInVzZXJfaWQiOiJub25faXNfc3RhZmZfdXNlckBleGFtcGxlLmNvbSJ9.c9mIczkJCCU-OBwHjZc6UuIw_qonC8BIV8kKyt1nzpk",
        "created_at": "2023-05-28T12:54:28.073Z",
        "expires_at": "2023-05-29T12:54:28Z"
    }
},
{
    "model": "token_blacklist.outstandingtoken",
    "pk": 47,
    "fields": {
        "user": [
            "non_is_staff_user@example.com"
        ],
        "jti": "7189ba09d54444398d949adc99627545",
        "token": "eyJhbGciOiJIUzI1NiIsInR5cCI6IkpXVCJ9.eyJ0b2tlbl90eXBlIjoicmVmcmVzaCIsImV4cCI6MTY4NTM2NDg2OCwiaWF0IjoxNjg1Mjc4NDY4LCJqdGkiOiI3MTg5YmEwOWQ1NDQ0NDM5OGQ5NDlhZGM5OTYyNzU0NSIsInVzZXJfaWQiOiJub25faXNfc3RhZmZfdXNlckBleGFtcGxlLmNvbSJ9.asLIWHgppGyyPKFqZFMXGNxOZyjYsi8HsbOPge4b8Yk",
        "created_at": "2023-05-28T12:54:28.176Z",
        "expires_at": "2023-05-29T12:54:28Z"
    }
},
{
    "model": "token_blacklist.outstandingtoken",
    "pk": 48,
    "fields": {
        "user": [
            "non_is_staff_user@example.com"
        ],
        "jti": "382c98c165ae49b6a1d07a2a0b32612b",
        "token": "eyJhbGciOiJIUzI1NiIsInR5cCI6IkpXVCJ9.eyJ0b2tlbl90eXBlIjoicmVmcmVzaCIsImV4cCI6MTY4NTM2NDg2OCwiaWF0IjoxNjg1Mjc4NDY4LCJqdGkiOiIzODJjOThjMTY1YWU0OWI2YTFkMDdhMmEwYjMyNjEyYiIsInVzZXJfaWQiOiJub25faXNfc3RhZmZfdXNlckBleGFtcGxlLmNvbSJ9.fEyL-6ZwNQFdY5reOSgTFv7I5Y2Rb08etymxQR9JNRY",
        "created_at": "2023-05-28T12:54:28.187Z",
        "expires_at": "2023-05-29T12:54:28Z"
    }
},
{
    "model": "token_blacklist.outstandingtoken",
    "pk": 49,
    "fields": {
        "user": [
            "admin@example.com"
        ],
        "jti": "f0d1f822f05f49cb9adab30076deb2e4",
        "token": "eyJhbGciOiJIUzI1NiIsInR5cCI6IkpXVCJ9.eyJ0b2tlbl90eXBlIjoicmVmcmVzaCIsImV4cCI6MTY4NTM2NDkyMSwiaWF0IjoxNjg1Mjc4NTIxLCJqdGkiOiJmMGQxZjgyMmYwNWY0OWNiOWFkYWIzMDA3NmRlYjJlNCIsInVzZXJfaWQiOiJhZG1pbkBleGFtcGxlLmNvbSJ9.g24jN-Ywzc7n_4wYtTGPC3M_2mEybINPTxr4TJy1Zpc",
        "created_at": "2023-05-28T12:55:21.071Z",
        "expires_at": "2023-05-29T12:55:21Z"
    }
},
{
    "model": "token_blacklist.outstandingtoken",
    "pk": 50,
    "fields": {
        "user": [
            "admin@example.com"
        ],
        "jti": "65483e4148f24d7690b992eb18b1abfe",
        "token": "eyJhbGciOiJIUzI1NiIsInR5cCI6IkpXVCJ9.eyJ0b2tlbl90eXBlIjoicmVmcmVzaCIsImV4cCI6MTY4NTM2NDkyMSwiaWF0IjoxNjg1Mjc4NTIxLCJqdGkiOiI2NTQ4M2U0MTQ4ZjI0ZDc2OTBiOTkyZWIxOGIxYWJmZSIsInVzZXJfaWQiOiJhZG1pbkBleGFtcGxlLmNvbSJ9.As2vf6-OvqtP8Ew9Rn4CqGBN6Zk4PWnn2hn-7nJLcls",
        "created_at": "2023-05-28T12:55:21.093Z",
        "expires_at": "2023-05-29T12:55:21Z"
    }
},
{
    "model": "token_blacklist.outstandingtoken",
    "pk": 51,
    "fields": {
        "user": [
            "admin@example.com"
        ],
        "jti": "6b50892e33db479ab0fd9e625aea3963",
        "token": "eyJhbGciOiJIUzI1NiIsInR5cCI6IkpXVCJ9.eyJ0b2tlbl90eXBlIjoicmVmcmVzaCIsImV4cCI6MTY4NTM2NDkyMSwiaWF0IjoxNjg1Mjc4NTIxLCJqdGkiOiI2YjUwODkyZTMzZGI0NzlhYjBmZDllNjI1YWVhMzk2MyIsInVzZXJfaWQiOiJhZG1pbkBleGFtcGxlLmNvbSJ9.MWl6zdNkgzkMv32TFHJgtRUzj3G1LnZ7Wt4DeES3p54",
        "created_at": "2023-05-28T12:55:21.169Z",
        "expires_at": "2023-05-29T12:55:21Z"
    }
},
{
    "model": "token_blacklist.outstandingtoken",
    "pk": 52,
    "fields": {
        "user": [
            "admin@example.com"
        ],
        "jti": "f96b588ea5704f2aa0cf897ceb506e36",
        "token": "eyJhbGciOiJIUzI1NiIsInR5cCI6IkpXVCJ9.eyJ0b2tlbl90eXBlIjoicmVmcmVzaCIsImV4cCI6MTY4NTM2NDkyMSwiaWF0IjoxNjg1Mjc4NTIxLCJqdGkiOiJmOTZiNTg4ZWE1NzA0ZjJhYTBjZjg5N2NlYjUwNmUzNiIsInVzZXJfaWQiOiJhZG1pbkBleGFtcGxlLmNvbSJ9.c3ToG5eVxML6yK5GUsgADNB94JuacYSyvMpNFucKn4M",
        "created_at": "2023-05-28T12:55:21.181Z",
        "expires_at": "2023-05-29T12:55:21Z"
    }
},
{
    "model": "token_blacklist.outstandingtoken",
    "pk": 53,
    "fields": {
        "user": [
            "non_is_staff_user@example.com"
        ],
        "jti": "5562f8852e28473c8b19be73169c6ae5",
        "token": "eyJhbGciOiJIUzI1NiIsInR5cCI6IkpXVCJ9.eyJ0b2tlbl90eXBlIjoicmVmcmVzaCIsImV4cCI6MTY4NTM2NDkzOCwiaWF0IjoxNjg1Mjc4NTM4LCJqdGkiOiI1NTYyZjg4NTJlMjg0NzNjOGIxOWJlNzMxNjljNmFlNSIsInVzZXJfaWQiOiJub25faXNfc3RhZmZfdXNlckBleGFtcGxlLmNvbSJ9.xQ_xQAw6OMlg_3Kf25nrM-cn4z7IZ6NzWjVY-14w6K4",
        "created_at": "2023-05-28T12:55:38.604Z",
        "expires_at": "2023-05-29T12:55:38Z"
    }
},
{
    "model": "token_blacklist.outstandingtoken",
    "pk": 54,
    "fields": {
        "user": [
            "non_is_staff_user@example.com"
        ],
        "jti": "55a6cab2270b4744834da1f7fc7d98b7",
        "token": "eyJhbGciOiJIUzI1NiIsInR5cCI6IkpXVCJ9.eyJ0b2tlbl90eXBlIjoicmVmcmVzaCIsImV4cCI6MTY4NTM2NDkzOCwiaWF0IjoxNjg1Mjc4NTM4LCJqdGkiOiI1NWE2Y2FiMjI3MGI0NzQ0ODM0ZGExZjdmYzdkOThiNyIsInVzZXJfaWQiOiJub25faXNfc3RhZmZfdXNlckBleGFtcGxlLmNvbSJ9.4E5P-00FYP49MOyNc4n2699N5ETZsFWEdvrEsqflbEA",
        "created_at": "2023-05-28T12:55:38.618Z",
        "expires_at": "2023-05-29T12:55:38Z"
    }
},
{
    "model": "token_blacklist.outstandingtoken",
    "pk": 55,
    "fields": {
        "user": [
            "non_is_staff_user@example.com"
        ],
        "jti": "beb9f64ab26c4c4bb95b5c180e77442a",
        "token": "eyJhbGciOiJIUzI1NiIsInR5cCI6IkpXVCJ9.eyJ0b2tlbl90eXBlIjoicmVmcmVzaCIsImV4cCI6MTY4NTM2NDkzOCwiaWF0IjoxNjg1Mjc4NTM4LCJqdGkiOiJiZWI5ZjY0YWIyNmM0YzRiYjk1YjVjMTgwZTc3NDQyYSIsInVzZXJfaWQiOiJub25faXNfc3RhZmZfdXNlckBleGFtcGxlLmNvbSJ9.9IPO46bGq_7z9pR14mgQRVJdsxiaENsz5GXgy_0ugK4",
        "created_at": "2023-05-28T12:55:38.687Z",
        "expires_at": "2023-05-29T12:55:38Z"
    }
},
{
    "model": "token_blacklist.outstandingtoken",
    "pk": 56,
    "fields": {
        "user": [
            "non_is_staff_user@example.com"
        ],
        "jti": "3e205e938bca44f08dcf108be9909154",
        "token": "eyJhbGciOiJIUzI1NiIsInR5cCI6IkpXVCJ9.eyJ0b2tlbl90eXBlIjoicmVmcmVzaCIsImV4cCI6MTY4NTM2NDkzOCwiaWF0IjoxNjg1Mjc4NTM4LCJqdGkiOiIzZTIwNWU5MzhiY2E0NGYwOGRjZjEwOGJlOTkwOTE1NCIsInVzZXJfaWQiOiJub25faXNfc3RhZmZfdXNlckBleGFtcGxlLmNvbSJ9.Lc7Uz-GtPEgVtK9mO5P_TI3xDThrl45XxmL11vLe_7I",
        "created_at": "2023-05-28T12:55:38.705Z",
        "expires_at": "2023-05-29T12:55:38Z"
    }
},
{
    "model": "token_blacklist.outstandingtoken",
    "pk": 57,
    "fields": {
        "user": [
            "admin@example.com"
        ],
        "jti": "bc4075c4f6cb4d8daf0f63f0796ca486",
        "token": "eyJhbGciOiJIUzI1NiIsInR5cCI6IkpXVCJ9.eyJ0b2tlbl90eXBlIjoicmVmcmVzaCIsImV4cCI6MTY4NTM2OTE3NywiaWF0IjoxNjg1MjgyNzc3LCJqdGkiOiJiYzQwNzVjNGY2Y2I0ZDhkYWYwZjYzZjA3OTZjYTQ4NiIsInVzZXJfaWQiOiJhZG1pbkBleGFtcGxlLmNvbSJ9.8xGPuA_F1tcO9Kq-76EcfJlS4gCVGj7HG2AOPJFjbFk",
        "created_at": "2023-05-28T14:06:17.512Z",
        "expires_at": "2023-05-29T14:06:17Z"
    }
},
{
    "model": "token_blacklist.outstandingtoken",
    "pk": 58,
    "fields": {
        "user": [
            "admin@example.com"
        ],
        "jti": "1bf7b62e4c06430dbc69164dd4cc4f83",
        "token": "eyJhbGciOiJIUzI1NiIsInR5cCI6IkpXVCJ9.eyJ0b2tlbl90eXBlIjoicmVmcmVzaCIsImV4cCI6MTY4NTM2OTE3NywiaWF0IjoxNjg1MjgyNzc3LCJqdGkiOiIxYmY3YjYyZTRjMDY0MzBkYmM2OTE2NGRkNGNjNGY4MyIsInVzZXJfaWQiOiJhZG1pbkBleGFtcGxlLmNvbSJ9.oeyuNAYdhc_z0zLTI72oJaDKy-NGO9HeIV8qAf4I2z0",
        "created_at": "2023-05-28T14:06:17.526Z",
        "expires_at": "2023-05-29T14:06:17Z"
    }
},
{
    "model": "token_blacklist.outstandingtoken",
    "pk": 59,
    "fields": {
        "user": [
            "admin@example.com"
        ],
        "jti": "7682cf66442a42c184c95b4e9fa51f5c",
        "token": "eyJhbGciOiJIUzI1NiIsInR5cCI6IkpXVCJ9.eyJ0b2tlbl90eXBlIjoicmVmcmVzaCIsImV4cCI6MTY4NTM2OTE3NywiaWF0IjoxNjg1MjgyNzc3LCJqdGkiOiI3NjgyY2Y2NjQ0MmE0MmMxODRjOTViNGU5ZmE1MWY1YyIsInVzZXJfaWQiOiJhZG1pbkBleGFtcGxlLmNvbSJ9.6OOkGggNzAl8BRwh9pcjM-6pfgHqCrZzqgqP8noIaR8",
        "created_at": "2023-05-28T14:06:17.595Z",
        "expires_at": "2023-05-29T14:06:17Z"
    }
},
{
    "model": "token_blacklist.outstandingtoken",
    "pk": 60,
    "fields": {
        "user": [
            "admin@example.com"
        ],
        "jti": "0206fb75fc554858a37e2092a23e86a7",
        "token": "eyJhbGciOiJIUzI1NiIsInR5cCI6IkpXVCJ9.eyJ0b2tlbl90eXBlIjoicmVmcmVzaCIsImV4cCI6MTY4NTM2OTE3NywiaWF0IjoxNjg1MjgyNzc3LCJqdGkiOiIwMjA2ZmI3NWZjNTU0ODU4YTM3ZTIwOTJhMjNlODZhNyIsInVzZXJfaWQiOiJhZG1pbkBleGFtcGxlLmNvbSJ9.S_qq-J-K0sNRWZFhh6nKnqCfw9Q3Fxp5_tCCwsqwvyo",
        "created_at": "2023-05-28T14:06:17.606Z",
        "expires_at": "2023-05-29T14:06:17Z"
    }
},
{
    "model": "token_blacklist.outstandingtoken",
    "pk": 61,
    "fields": {
        "user": [
            "admin@example.com"
        ],
        "jti": "c2a4b40963914bad83ec6b2c3baa1d1f",
        "token": "eyJhbGciOiJIUzI1NiIsInR5cCI6IkpXVCJ9.eyJ0b2tlbl90eXBlIjoicmVmcmVzaCIsImV4cCI6MTY4NTQyNjM3MCwiaWF0IjoxNjg1MzM5OTcwLCJqdGkiOiJjMmE0YjQwOTYzOTE0YmFkODNlYzZiMmMzYmFhMWQxZiIsInVzZXJfaWQiOiJhZG1pbkBleGFtcGxlLmNvbSJ9.JMmwZGl14IAfXgr2ufivLPN7GTnKnOtNRfu7-XuRI10",
        "created_at": "2023-05-29T05:59:30.419Z",
        "expires_at": "2023-05-30T05:59:30Z"
    }
},
{
    "model": "token_blacklist.outstandingtoken",
    "pk": 62,
    "fields": {
        "user": [
            "admin@example.com"
        ],
        "jti": "9991c867942a4fa695f392132714e078",
        "token": "eyJhbGciOiJIUzI1NiIsInR5cCI6IkpXVCJ9.eyJ0b2tlbl90eXBlIjoicmVmcmVzaCIsImV4cCI6MTY4NTQyNjM3MCwiaWF0IjoxNjg1MzM5OTcwLCJqdGkiOiI5OTkxYzg2Nzk0MmE0ZmE2OTVmMzkyMTMyNzE0ZTA3OCIsInVzZXJfaWQiOiJhZG1pbkBleGFtcGxlLmNvbSJ9.DrWV_RStIP1rhv-mN2hjuA4uOaQlnPNWpHtIM57u9Pc",
        "created_at": "2023-05-29T05:59:30.436Z",
        "expires_at": "2023-05-30T05:59:30Z"
    }
},
{
    "model": "token_blacklist.outstandingtoken",
    "pk": 63,
    "fields": {
        "user": [
            "admin@example.com"
        ],
        "jti": "596ba55a362c4a01ad125d18949a8520",
        "token": "eyJhbGciOiJIUzI1NiIsInR5cCI6IkpXVCJ9.eyJ0b2tlbl90eXBlIjoicmVmcmVzaCIsImV4cCI6MTY4NTQyNjM3MCwiaWF0IjoxNjg1MzM5OTcwLCJqdGkiOiI1OTZiYTU1YTM2MmM0YTAxYWQxMjVkMTg5NDlhODUyMCIsInVzZXJfaWQiOiJhZG1pbkBleGFtcGxlLmNvbSJ9.u-L1J467Dc-Wo3NlvnW6MkpB_yNbr9hn-sZYJjXDHaM",
        "created_at": "2023-05-29T05:59:30.509Z",
        "expires_at": "2023-05-30T05:59:30Z"
    }
},
{
    "model": "token_blacklist.outstandingtoken",
    "pk": 64,
    "fields": {
        "user": [
            "admin@example.com"
        ],
        "jti": "55505a7fbde349928795fd58866b9098",
        "token": "eyJhbGciOiJIUzI1NiIsInR5cCI6IkpXVCJ9.eyJ0b2tlbl90eXBlIjoicmVmcmVzaCIsImV4cCI6MTY4NTQyNjM3MCwiaWF0IjoxNjg1MzM5OTcwLCJqdGkiOiI1NTUwNWE3ZmJkZTM0OTkyODc5NWZkNTg4NjZiOTA5OCIsInVzZXJfaWQiOiJhZG1pbkBleGFtcGxlLmNvbSJ9.-7svoAYWQAx_XPWsWuA5_eKio7jbWnTzhvEr4zgh2hk",
        "created_at": "2023-05-29T05:59:30.520Z",
        "expires_at": "2023-05-30T05:59:30Z"
    }
},
{
    "model": "token_blacklist.outstandingtoken",
    "pk": 65,
    "fields": {
        "user": [
            "non_is_staff_user@example.com"
        ],
        "jti": "255b17dfa9c9483d811299f6cefc4643",
        "token": "eyJhbGciOiJIUzI1NiIsInR5cCI6IkpXVCJ9.eyJ0b2tlbl90eXBlIjoicmVmcmVzaCIsImV4cCI6MTY4NTQyNjM5MCwiaWF0IjoxNjg1MzM5OTkwLCJqdGkiOiIyNTViMTdkZmE5Yzk0ODNkODExMjk5ZjZjZWZjNDY0MyIsInVzZXJfaWQiOiJub25faXNfc3RhZmZfdXNlckBleGFtcGxlLmNvbSJ9.VV3r6GGHQ867g-cAUuLkeYfBqe9hddIDtEJdVclpbsM",
        "created_at": "2023-05-29T05:59:50.600Z",
        "expires_at": "2023-05-30T05:59:50Z"
    }
},
{
    "model": "token_blacklist.outstandingtoken",
    "pk": 66,
    "fields": {
        "user": [
            "non_is_staff_user@example.com"
        ],
        "jti": "f38b75af70fd4cfcb67943a35debb124",
        "token": "eyJhbGciOiJIUzI1NiIsInR5cCI6IkpXVCJ9.eyJ0b2tlbl90eXBlIjoicmVmcmVzaCIsImV4cCI6MTY4NTQyNjM5MCwiaWF0IjoxNjg1MzM5OTkwLCJqdGkiOiJmMzhiNzVhZjcwZmQ0Y2ZjYjY3OTQzYTM1ZGViYjEyNCIsInVzZXJfaWQiOiJub25faXNfc3RhZmZfdXNlckBleGFtcGxlLmNvbSJ9.xm1IrOHnP8tUrvBR4Bt4WHeCFQXKXCobwvcGiOo2gUw",
        "created_at": "2023-05-29T05:59:50.618Z",
        "expires_at": "2023-05-30T05:59:50Z"
    }
},
{
    "model": "token_blacklist.outstandingtoken",
    "pk": 67,
    "fields": {
        "user": [
            "non_is_staff_user@example.com"
        ],
        "jti": "efcfaf8f539a4f6d93432db0f31b7500",
        "token": "eyJhbGciOiJIUzI1NiIsInR5cCI6IkpXVCJ9.eyJ0b2tlbl90eXBlIjoicmVmcmVzaCIsImV4cCI6MTY4NTQyNjM5MCwiaWF0IjoxNjg1MzM5OTkwLCJqdGkiOiJlZmNmYWY4ZjUzOWE0ZjZkOTM0MzJkYjBmMzFiNzUwMCIsInVzZXJfaWQiOiJub25faXNfc3RhZmZfdXNlckBleGFtcGxlLmNvbSJ9.1306RyyYaaYfAqgk_lxXrHYYXIoqvWUmI0CIg-XE2Fk",
        "created_at": "2023-05-29T05:59:50.687Z",
        "expires_at": "2023-05-30T05:59:50Z"
    }
},
{
    "model": "token_blacklist.outstandingtoken",
    "pk": 68,
    "fields": {
        "user": [
            "non_is_staff_user@example.com"
        ],
        "jti": "a31daa6cb3994544a431048e6c26069f",
        "token": "eyJhbGciOiJIUzI1NiIsInR5cCI6IkpXVCJ9.eyJ0b2tlbl90eXBlIjoicmVmcmVzaCIsImV4cCI6MTY4NTQyNjM5MCwiaWF0IjoxNjg1MzM5OTkwLCJqdGkiOiJhMzFkYWE2Y2IzOTk0NTQ0YTQzMTA0OGU2YzI2MDY5ZiIsInVzZXJfaWQiOiJub25faXNfc3RhZmZfdXNlckBleGFtcGxlLmNvbSJ9.MpmWH2OHOiGxKxGztgzE8ADnuez_tplYQThYRH8vuYg",
        "created_at": "2023-05-29T05:59:50.698Z",
        "expires_at": "2023-05-30T05:59:50Z"
    }
},
{
    "model": "token_blacklist.outstandingtoken",
    "pk": 69,
    "fields": {
        "user": [
            "non_is_staff_user@example.com"
        ],
        "jti": "8e91ceb8640a4788bc4209c0aa878575",
        "token": "eyJhbGciOiJIUzI1NiIsInR5cCI6IkpXVCJ9.eyJ0b2tlbl90eXBlIjoicmVmcmVzaCIsImV4cCI6MTY4NTQyNjQxMywiaWF0IjoxNjg1MzQwMDEzLCJqdGkiOiI4ZTkxY2ViODY0MGE0Nzg4YmM0MjA5YzBhYTg3ODU3NSIsInVzZXJfaWQiOiJub25faXNfc3RhZmZfdXNlckBleGFtcGxlLmNvbSJ9.QK5MQSotblQYFbKfkdUrIouuOhZqcgYfQF8MrYJovJk",
        "created_at": "2023-05-29T06:00:13.278Z",
        "expires_at": "2023-05-30T06:00:13Z"
    }
},
{
    "model": "token_blacklist.outstandingtoken",
    "pk": 70,
    "fields": {
        "user": [
            "non_is_staff_user@example.com"
        ],
        "jti": "8183cfa887524a5aa73544252d9ade9c",
        "token": "eyJhbGciOiJIUzI1NiIsInR5cCI6IkpXVCJ9.eyJ0b2tlbl90eXBlIjoicmVmcmVzaCIsImV4cCI6MTY4NTQyNjQxMywiaWF0IjoxNjg1MzQwMDEzLCJqdGkiOiI4MTgzY2ZhODg3NTI0YTVhYTczNTQ0MjUyZDlhZGU5YyIsInVzZXJfaWQiOiJub25faXNfc3RhZmZfdXNlckBleGFtcGxlLmNvbSJ9.EDnp85tHCC8wPUKtiqtSrUGcbBlEaHWQJMVApQ3OV8A",
        "created_at": "2023-05-29T06:00:13.293Z",
        "expires_at": "2023-05-30T06:00:13Z"
    }
},
{
    "model": "token_blacklist.outstandingtoken",
    "pk": 71,
    "fields": {
        "user": [
            "non_is_staff_user@example.com"
        ],
        "jti": "6e1f298966a7478b9d74ff82f3de690d",
        "token": "eyJhbGciOiJIUzI1NiIsInR5cCI6IkpXVCJ9.eyJ0b2tlbl90eXBlIjoicmVmcmVzaCIsImV4cCI6MTY4NTQyNjQxMywiaWF0IjoxNjg1MzQwMDEzLCJqdGkiOiI2ZTFmMjk4OTY2YTc0NzhiOWQ3NGZmODJmM2RlNjkwZCIsInVzZXJfaWQiOiJub25faXNfc3RhZmZfdXNlckBleGFtcGxlLmNvbSJ9.tJh8AYK71tp0D0KYHuA8Vi_Kc7IMOkHXxh8VPd-B-bA",
        "created_at": "2023-05-29T06:00:13.362Z",
        "expires_at": "2023-05-30T06:00:13Z"
    }
},
{
    "model": "token_blacklist.outstandingtoken",
    "pk": 72,
    "fields": {
        "user": [
            "non_is_staff_user@example.com"
        ],
        "jti": "8f564393bc2e48ad90f5f7b22ffca682",
        "token": "eyJhbGciOiJIUzI1NiIsInR5cCI6IkpXVCJ9.eyJ0b2tlbl90eXBlIjoicmVmcmVzaCIsImV4cCI6MTY4NTQyNjQxMywiaWF0IjoxNjg1MzQwMDEzLCJqdGkiOiI4ZjU2NDM5M2JjMmU0OGFkOTBmNWY3YjIyZmZjYTY4MiIsInVzZXJfaWQiOiJub25faXNfc3RhZmZfdXNlckBleGFtcGxlLmNvbSJ9.IQAltbbUFJcx3LkHIWYt2f4vOrS3W7RO7y-IJHS1yEU",
        "created_at": "2023-05-29T06:00:13.373Z",
        "expires_at": "2023-05-30T06:00:13Z"
    }
},
{
    "model": "token_blacklist.outstandingtoken",
    "pk": 73,
    "fields": {
        "user": [
            "admin@example.com"
        ],
        "jti": "a02e2f3db5fc4a67b383450dfda3eeff",
        "token": "eyJhbGciOiJIUzI1NiIsInR5cCI6IkpXVCJ9.eyJ0b2tlbl90eXBlIjoicmVmcmVzaCIsImV4cCI6MTY4NTQyNjQxOSwiaWF0IjoxNjg1MzQwMDE5LCJqdGkiOiJhMDJlMmYzZGI1ZmM0YTY3YjM4MzQ1MGRmZGEzZWVmZiIsInVzZXJfaWQiOiJhZG1pbkBleGFtcGxlLmNvbSJ9.mwJZPZQycgfrsAcgguk2wcCgs62USuhWyTj7wSjHf3w",
        "created_at": "2023-05-29T06:00:19.348Z",
        "expires_at": "2023-05-30T06:00:19Z"
    }
},
{
    "model": "token_blacklist.outstandingtoken",
    "pk": 74,
    "fields": {
        "user": [
            "admin@example.com"
        ],
        "jti": "e9b1adbc957545fab1187099bb18d642",
        "token": "eyJhbGciOiJIUzI1NiIsInR5cCI6IkpXVCJ9.eyJ0b2tlbl90eXBlIjoicmVmcmVzaCIsImV4cCI6MTY4NTQyNjQxOSwiaWF0IjoxNjg1MzQwMDE5LCJqdGkiOiJlOWIxYWRiYzk1NzU0NWZhYjExODcwOTliYjE4ZDY0MiIsInVzZXJfaWQiOiJhZG1pbkBleGFtcGxlLmNvbSJ9.bYK5aw6HniswOIZwPaGt0dWwW0q0nvch_neyJ8L-0qk",
        "created_at": "2023-05-29T06:00:19.362Z",
        "expires_at": "2023-05-30T06:00:19Z"
    }
},
{
    "model": "token_blacklist.outstandingtoken",
    "pk": 75,
    "fields": {
        "user": [
            "admin@example.com"
        ],
        "jti": "01ea7280266c41b9ad72d01f09268fca",
        "token": "eyJhbGciOiJIUzI1NiIsInR5cCI6IkpXVCJ9.eyJ0b2tlbl90eXBlIjoicmVmcmVzaCIsImV4cCI6MTY4NTQyNjQxOSwiaWF0IjoxNjg1MzQwMDE5LCJqdGkiOiIwMWVhNzI4MDI2NmM0MWI5YWQ3MmQwMWYwOTI2OGZjYSIsInVzZXJfaWQiOiJhZG1pbkBleGFtcGxlLmNvbSJ9.6Z7AkYt48-M6ZNRVMd7yaiMGiaa03BWyDpM1j98JqV4",
        "created_at": "2023-05-29T06:00:19.430Z",
        "expires_at": "2023-05-30T06:00:19Z"
    }
},
{
    "model": "token_blacklist.outstandingtoken",
    "pk": 76,
    "fields": {
        "user": [
            "admin@example.com"
        ],
        "jti": "dfcb6c6d75a2455c90aedc1393533ebd",
        "token": "eyJhbGciOiJIUzI1NiIsInR5cCI6IkpXVCJ9.eyJ0b2tlbl90eXBlIjoicmVmcmVzaCIsImV4cCI6MTY4NTQyNjQxOSwiaWF0IjoxNjg1MzQwMDE5LCJqdGkiOiJkZmNiNmM2ZDc1YTI0NTVjOTBhZWRjMTM5MzUzM2ViZCIsInVzZXJfaWQiOiJhZG1pbkBleGFtcGxlLmNvbSJ9.eY_9af3K1o2erqUJAN5vfbFdh04EG8uhsztt6IPBhCw",
        "created_at": "2023-05-29T06:00:19.440Z",
        "expires_at": "2023-05-30T06:00:19Z"
    }
},
{
    "model": "token_blacklist.outstandingtoken",
    "pk": 77,
    "fields": {
        "user": [
            "non_is_staff_user@example.com"
        ],
        "jti": "cf64a0fedbc44f92a83929842de7eec6",
        "token": "eyJhbGciOiJIUzI1NiIsInR5cCI6IkpXVCJ9.eyJ0b2tlbl90eXBlIjoicmVmcmVzaCIsImV4cCI6MTY4NTQyNjQ4NSwiaWF0IjoxNjg1MzQwMDg1LCJqdGkiOiJjZjY0YTBmZWRiYzQ0ZjkyYTgzOTI5ODQyZGU3ZWVjNiIsInVzZXJfaWQiOiJub25faXNfc3RhZmZfdXNlckBleGFtcGxlLmNvbSJ9.RChz-uMwc2HlxmfzOn4JVJHosNP6o5RWmz53mp7JOo0",
        "created_at": "2023-05-29T06:01:25.233Z",
        "expires_at": "2023-05-30T06:01:25Z"
    }
},
{
    "model": "token_blacklist.outstandingtoken",
    "pk": 78,
    "fields": {
        "user": [
            "non_is_staff_user@example.com"
        ],
        "jti": "98bfc60283f44061ad84735d613989fe",
        "token": "eyJhbGciOiJIUzI1NiIsInR5cCI6IkpXVCJ9.eyJ0b2tlbl90eXBlIjoicmVmcmVzaCIsImV4cCI6MTY4NTQyNjQ4NSwiaWF0IjoxNjg1MzQwMDg1LCJqdGkiOiI5OGJmYzYwMjgzZjQ0MDYxYWQ4NDczNWQ2MTM5ODlmZSIsInVzZXJfaWQiOiJub25faXNfc3RhZmZfdXNlckBleGFtcGxlLmNvbSJ9.VSnt16pYTkYLSHpim58a-cd1ZDAuU_08xsqv1KotecM",
        "created_at": "2023-05-29T06:01:25.248Z",
        "expires_at": "2023-05-30T06:01:25Z"
    }
},
{
    "model": "token_blacklist.outstandingtoken",
    "pk": 79,
    "fields": {
        "user": [
            "non_is_staff_user@example.com"
        ],
        "jti": "bb3e2a6facd449999551f29865c29d66",
        "token": "eyJhbGciOiJIUzI1NiIsInR5cCI6IkpXVCJ9.eyJ0b2tlbl90eXBlIjoicmVmcmVzaCIsImV4cCI6MTY4NTQyNjQ4NSwiaWF0IjoxNjg1MzQwMDg1LCJqdGkiOiJiYjNlMmE2ZmFjZDQ0OTk5OTU1MWYyOTg2NWMyOWQ2NiIsInVzZXJfaWQiOiJub25faXNfc3RhZmZfdXNlckBleGFtcGxlLmNvbSJ9.IION1ZTBv9f5AdYoGq5_MESLKqs4AcYFgztNudNZbvs",
        "created_at": "2023-05-29T06:01:25.318Z",
        "expires_at": "2023-05-30T06:01:25Z"
    }
},
{
    "model": "token_blacklist.outstandingtoken",
    "pk": 80,
    "fields": {
        "user": [
            "non_is_staff_user@example.com"
        ],
        "jti": "fd60c0b8a4384ec2bee7134184bc2ab1",
        "token": "eyJhbGciOiJIUzI1NiIsInR5cCI6IkpXVCJ9.eyJ0b2tlbl90eXBlIjoicmVmcmVzaCIsImV4cCI6MTY4NTQyNjQ4NSwiaWF0IjoxNjg1MzQwMDg1LCJqdGkiOiJmZDYwYzBiOGE0Mzg0ZWMyYmVlNzEzNDE4NGJjMmFiMSIsInVzZXJfaWQiOiJub25faXNfc3RhZmZfdXNlckBleGFtcGxlLmNvbSJ9.YKIp3lCscrPfjnf0mcMcfeVAlKjF1WmnaCJpWE_W-Q0",
        "created_at": "2023-05-29T06:01:25.330Z",
        "expires_at": "2023-05-30T06:01:25Z"
    }
},
{
    "model": "token_blacklist.outstandingtoken",
    "pk": 81,
    "fields": {
        "user": [
            "non_is_staff_user@example.com"
        ],
        "jti": "e4b3ed46579e425abac45045f868297c",
        "token": "eyJhbGciOiJIUzI1NiIsInR5cCI6IkpXVCJ9.eyJ0b2tlbl90eXBlIjoicmVmcmVzaCIsImV4cCI6MTY4NTQyNjQ4NiwiaWF0IjoxNjg1MzQwMDg2LCJqdGkiOiJlNGIzZWQ0NjU3OWU0MjVhYmFjNDUwNDVmODY4Mjk3YyIsInVzZXJfaWQiOiJub25faXNfc3RhZmZfdXNlckBleGFtcGxlLmNvbSJ9.aYKyoW_Ivtj58ONVHYidWGS6WRLFP-xUlhy8HDKLoMQ",
        "created_at": "2023-05-29T06:01:26.860Z",
        "expires_at": "2023-05-30T06:01:26Z"
    }
},
{
    "model": "token_blacklist.outstandingtoken",
    "pk": 82,
    "fields": {
        "user": [
            "non_is_staff_user@example.com"
        ],
        "jti": "90f4d8a6437e40de9923176dcd2e4056",
        "token": "eyJhbGciOiJIUzI1NiIsInR5cCI6IkpXVCJ9.eyJ0b2tlbl90eXBlIjoicmVmcmVzaCIsImV4cCI6MTY4NTQyNjQ4NiwiaWF0IjoxNjg1MzQwMDg2LCJqdGkiOiI5MGY0ZDhhNjQzN2U0MGRlOTkyMzE3NmRjZDJlNDA1NiIsInVzZXJfaWQiOiJub25faXNfc3RhZmZfdXNlckBleGFtcGxlLmNvbSJ9.IdNO5IOKyarEc3ybGwk1I4c665zelkPUwhICXYGoVko",
        "created_at": "2023-05-29T06:01:26.877Z",
        "expires_at": "2023-05-30T06:01:26Z"
    }
},
{
    "model": "token_blacklist.outstandingtoken",
    "pk": 83,
    "fields": {
        "user": [
            "non_is_staff_user@example.com"
        ],
        "jti": "047879f5de19461cb1ed2006908d1cce",
        "token": "eyJhbGciOiJIUzI1NiIsInR5cCI6IkpXVCJ9.eyJ0b2tlbl90eXBlIjoicmVmcmVzaCIsImV4cCI6MTY4NTQyNjQ4NiwiaWF0IjoxNjg1MzQwMDg2LCJqdGkiOiIwNDc4NzlmNWRlMTk0NjFjYjFlZDIwMDY5MDhkMWNjZSIsInVzZXJfaWQiOiJub25faXNfc3RhZmZfdXNlckBleGFtcGxlLmNvbSJ9.yQnWvnFwrW94k9z0tRXSOjSIuJYnvlr9xdQ_79wh3p8",
        "created_at": "2023-05-29T06:01:26.947Z",
        "expires_at": "2023-05-30T06:01:26Z"
    }
},
{
    "model": "token_blacklist.outstandingtoken",
    "pk": 84,
    "fields": {
        "user": [
            "non_is_staff_user@example.com"
        ],
        "jti": "ba6d3a08d02c4fcb9a81840ea2317f92",
        "token": "eyJhbGciOiJIUzI1NiIsInR5cCI6IkpXVCJ9.eyJ0b2tlbl90eXBlIjoicmVmcmVzaCIsImV4cCI6MTY4NTQyNjQ4NiwiaWF0IjoxNjg1MzQwMDg2LCJqdGkiOiJiYTZkM2EwOGQwMmM0ZmNiOWE4MTg0MGVhMjMxN2Y5MiIsInVzZXJfaWQiOiJub25faXNfc3RhZmZfdXNlckBleGFtcGxlLmNvbSJ9.bgWeV1bo9c57K2RKzF5KXeUQdoYMIEGcPuBvzqfVfYU",
        "created_at": "2023-05-29T06:01:26.959Z",
        "expires_at": "2023-05-30T06:01:26Z"
    }
},
{
    "model": "token_blacklist.outstandingtoken",
    "pk": 85,
    "fields": {
        "user": [
            "non_is_staff_user@example.com"
        ],
        "jti": "3bdf6bec0ffa41e18c0def66256fde6c",
        "token": "eyJhbGciOiJIUzI1NiIsInR5cCI6IkpXVCJ9.eyJ0b2tlbl90eXBlIjoicmVmcmVzaCIsImV4cCI6MTY4NTQyNjQ4NywiaWF0IjoxNjg1MzQwMDg3LCJqdGkiOiIzYmRmNmJlYzBmZmE0MWUxOGMwZGVmNjYyNTZmZGU2YyIsInVzZXJfaWQiOiJub25faXNfc3RhZmZfdXNlckBleGFtcGxlLmNvbSJ9.3ZlrJaVrvsLqRmgLLWOlSL6kVzDAGZqRWs22_i-EAZU",
        "created_at": "2023-05-29T06:01:27.560Z",
        "expires_at": "2023-05-30T06:01:27Z"
    }
},
{
    "model": "token_blacklist.outstandingtoken",
    "pk": 86,
    "fields": {
        "user": [
            "non_is_staff_user@example.com"
        ],
        "jti": "fbe8bcc64c074671804315b4588d5c92",
        "token": "eyJhbGciOiJIUzI1NiIsInR5cCI6IkpXVCJ9.eyJ0b2tlbl90eXBlIjoicmVmcmVzaCIsImV4cCI6MTY4NTQyNjQ4NywiaWF0IjoxNjg1MzQwMDg3LCJqdGkiOiJmYmU4YmNjNjRjMDc0NjcxODA0MzE1YjQ1ODhkNWM5MiIsInVzZXJfaWQiOiJub25faXNfc3RhZmZfdXNlckBleGFtcGxlLmNvbSJ9.SDwD3u3nGxPb2c6nHPFbpNtWZzk0UGyhXgyvrpuMSHk",
        "created_at": "2023-05-29T06:01:27.574Z",
        "expires_at": "2023-05-30T06:01:27Z"
    }
},
{
    "model": "token_blacklist.outstandingtoken",
    "pk": 87,
    "fields": {
        "user": [
            "non_is_staff_user@example.com"
        ],
        "jti": "be22c30ca595470e8663146ec25f1833",
        "token": "eyJhbGciOiJIUzI1NiIsInR5cCI6IkpXVCJ9.eyJ0b2tlbl90eXBlIjoicmVmcmVzaCIsImV4cCI6MTY4NTQyNjQ4NywiaWF0IjoxNjg1MzQwMDg3LCJqdGkiOiJiZTIyYzMwY2E1OTU0NzBlODY2MzE0NmVjMjVmMTgzMyIsInVzZXJfaWQiOiJub25faXNfc3RhZmZfdXNlckBleGFtcGxlLmNvbSJ9.j5JhdEMPmZM8eTorMDO45YTCj8mcOmquCnHEtpYG3Ew",
        "created_at": "2023-05-29T06:01:27.645Z",
        "expires_at": "2023-05-30T06:01:27Z"
    }
},
{
    "model": "token_blacklist.outstandingtoken",
    "pk": 88,
    "fields": {
        "user": [
            "non_is_staff_user@example.com"
        ],
        "jti": "8b7e8469f7ff4fa1b83dd81024076b24",
        "token": "eyJhbGciOiJIUzI1NiIsInR5cCI6IkpXVCJ9.eyJ0b2tlbl90eXBlIjoicmVmcmVzaCIsImV4cCI6MTY4NTQyNjQ4NywiaWF0IjoxNjg1MzQwMDg3LCJqdGkiOiI4YjdlODQ2OWY3ZmY0ZmExYjgzZGQ4MTAyNDA3NmIyNCIsInVzZXJfaWQiOiJub25faXNfc3RhZmZfdXNlckBleGFtcGxlLmNvbSJ9.2JGkr9pwRfHDwoPsCUgk_myOXwiay-NrgSLtBi-m5Po",
        "created_at": "2023-05-29T06:01:27.664Z",
        "expires_at": "2023-05-30T06:01:27Z"
    }
},
{
    "model": "token_blacklist.outstandingtoken",
    "pk": 89,
    "fields": {
        "user": [
            "non_is_staff_user@example.com"
        ],
        "jti": "ebfe3df65719476784db4600d591814c",
        "token": "eyJhbGciOiJIUzI1NiIsInR5cCI6IkpXVCJ9.eyJ0b2tlbl90eXBlIjoicmVmcmVzaCIsImV4cCI6MTY4NTQyNjQ5MywiaWF0IjoxNjg1MzQwMDkzLCJqdGkiOiJlYmZlM2RmNjU3MTk0NzY3ODRkYjQ2MDBkNTkxODE0YyIsInVzZXJfaWQiOiJub25faXNfc3RhZmZfdXNlckBleGFtcGxlLmNvbSJ9.tV-O3kUpkO58Fvm6Ftyl7Jhhe_ARYkQXFX-BBYFhJ5o",
        "created_at": "2023-05-29T06:01:33.767Z",
        "expires_at": "2023-05-30T06:01:33Z"
    }
},
{
    "model": "token_blacklist.outstandingtoken",
    "pk": 90,
    "fields": {
        "user": [
            "non_is_staff_user@example.com"
        ],
        "jti": "d401a9b7def44fb398f3e7d7358c2d6b",
        "token": "eyJhbGciOiJIUzI1NiIsInR5cCI6IkpXVCJ9.eyJ0b2tlbl90eXBlIjoicmVmcmVzaCIsImV4cCI6MTY4NTQyNjQ5MywiaWF0IjoxNjg1MzQwMDkzLCJqdGkiOiJkNDAxYTliN2RlZjQ0ZmIzOThmM2U3ZDczNThjMmQ2YiIsInVzZXJfaWQiOiJub25faXNfc3RhZmZfdXNlckBleGFtcGxlLmNvbSJ9.m0xhkDt-Ppm4-L_1f8nr8Ilj3uhLOYNX-hAigtlvGM8",
        "created_at": "2023-05-29T06:01:33.780Z",
        "expires_at": "2023-05-30T06:01:33Z"
    }
},
{
    "model": "token_blacklist.outstandingtoken",
    "pk": 91,
    "fields": {
        "user": [
            "non_is_staff_user@example.com"
        ],
        "jti": "1a809a289ca3451ab1c734b8a3699208",
        "token": "eyJhbGciOiJIUzI1NiIsInR5cCI6IkpXVCJ9.eyJ0b2tlbl90eXBlIjoicmVmcmVzaCIsImV4cCI6MTY4NTQyNjQ5MywiaWF0IjoxNjg1MzQwMDkzLCJqdGkiOiIxYTgwOWEyODljYTM0NTFhYjFjNzM0YjhhMzY5OTIwOCIsInVzZXJfaWQiOiJub25faXNfc3RhZmZfdXNlckBleGFtcGxlLmNvbSJ9.MrbEfxjq9Ou_zgfcWcQwm37WxcxhST1gK2OOYd1U5oc",
        "created_at": "2023-05-29T06:01:33.849Z",
        "expires_at": "2023-05-30T06:01:33Z"
    }
},
{
    "model": "token_blacklist.outstandingtoken",
    "pk": 92,
    "fields": {
        "user": [
            "non_is_staff_user@example.com"
        ],
        "jti": "81806a7f39c54faa9c0058e293a97ac3",
        "token": "eyJhbGciOiJIUzI1NiIsInR5cCI6IkpXVCJ9.eyJ0b2tlbl90eXBlIjoicmVmcmVzaCIsImV4cCI6MTY4NTQyNjQ5MywiaWF0IjoxNjg1MzQwMDkzLCJqdGkiOiI4MTgwNmE3ZjM5YzU0ZmFhOWMwMDU4ZTI5M2E5N2FjMyIsInVzZXJfaWQiOiJub25faXNfc3RhZmZfdXNlckBleGFtcGxlLmNvbSJ9.DmGWJoBvdqP3YCJT74eJ3ok_3Z5VtXoY0H33CUQY8A4",
        "created_at": "2023-05-29T06:01:33.862Z",
        "expires_at": "2023-05-30T06:01:33Z"
    }
},
{
    "model": "token_blacklist.outstandingtoken",
    "pk": 93,
    "fields": {
        "user": [
            "admin@example.com"
        ],
        "jti": "aa20823056a742fcbd5ac3cd24447af5",
        "token": "eyJhbGciOiJIUzI1NiIsInR5cCI6IkpXVCJ9.eyJ0b2tlbl90eXBlIjoicmVmcmVzaCIsImV4cCI6MTY4NTQyNjUzNSwiaWF0IjoxNjg1MzQwMTM1LCJqdGkiOiJhYTIwODIzMDU2YTc0MmZjYmQ1YWMzY2QyNDQ0N2FmNSIsInVzZXJfaWQiOiJhZG1pbkBleGFtcGxlLmNvbSJ9.6kJ2knMaNnurxxb7f-77tM8LtQy3R_Bd89mLHV2ewZU",
        "created_at": "2023-05-29T06:02:15.554Z",
        "expires_at": "2023-05-30T06:02:15Z"
    }
},
{
    "model": "token_blacklist.outstandingtoken",
    "pk": 94,
    "fields": {
        "user": [
            "admin@example.com"
        ],
        "jti": "dc00815780af45a49491bb7d5b6b9be3",
        "token": "eyJhbGciOiJIUzI1NiIsInR5cCI6IkpXVCJ9.eyJ0b2tlbl90eXBlIjoicmVmcmVzaCIsImV4cCI6MTY4NTQyNjUzNSwiaWF0IjoxNjg1MzQwMTM1LCJqdGkiOiJkYzAwODE1NzgwYWY0NWE0OTQ5MWJiN2Q1YjZiOWJlMyIsInVzZXJfaWQiOiJhZG1pbkBleGFtcGxlLmNvbSJ9.OmOgpiyP76d6zI0ygKUKsi7N5yiqiu0488qZSxiSA4A",
        "created_at": "2023-05-29T06:02:15.572Z",
        "expires_at": "2023-05-30T06:02:15Z"
    }
},
{
    "model": "token_blacklist.outstandingtoken",
    "pk": 95,
    "fields": {
        "user": [
            "admin@example.com"
        ],
        "jti": "34bcfbf8d6e54424b4e3fa3648486ce0",
        "token": "eyJhbGciOiJIUzI1NiIsInR5cCI6IkpXVCJ9.eyJ0b2tlbl90eXBlIjoicmVmcmVzaCIsImV4cCI6MTY4NTQyNjUzNSwiaWF0IjoxNjg1MzQwMTM1LCJqdGkiOiIzNGJjZmJmOGQ2ZTU0NDI0YjRlM2ZhMzY0ODQ4NmNlMCIsInVzZXJfaWQiOiJhZG1pbkBleGFtcGxlLmNvbSJ9.88qO-WMf1550HtzCYnbkvrtZDG-dbc4TwfXwn_8fInE",
        "created_at": "2023-05-29T06:02:15.640Z",
        "expires_at": "2023-05-30T06:02:15Z"
    }
},
{
    "model": "token_blacklist.outstandingtoken",
    "pk": 96,
    "fields": {
        "user": [
            "admin@example.com"
        ],
        "jti": "697daab1da90435e8486d26da2ab8732",
        "token": "eyJhbGciOiJIUzI1NiIsInR5cCI6IkpXVCJ9.eyJ0b2tlbl90eXBlIjoicmVmcmVzaCIsImV4cCI6MTY4NTQyNjUzNSwiaWF0IjoxNjg1MzQwMTM1LCJqdGkiOiI2OTdkYWFiMWRhOTA0MzVlODQ4NmQyNmRhMmFiODczMiIsInVzZXJfaWQiOiJhZG1pbkBleGFtcGxlLmNvbSJ9.18wR9sNtmvBJQ7yYv16Zv36GkCJoHaV9zUt6_ZrD63U",
        "created_at": "2023-05-29T06:02:15.652Z",
        "expires_at": "2023-05-30T06:02:15Z"
    }
},
{
    "model": "token_blacklist.outstandingtoken",
    "pk": 97,
    "fields": {
        "user": [
            "admin@example.com"
        ],
        "jti": "05bda406d18c4b4aa824752d7ea888e4",
        "token": "eyJhbGciOiJIUzI1NiIsInR5cCI6IkpXVCJ9.eyJ0b2tlbl90eXBlIjoicmVmcmVzaCIsImV4cCI6MTY4NTQyNzk5NSwiaWF0IjoxNjg1MzQxNTk1LCJqdGkiOiIwNWJkYTQwNmQxOGM0YjRhYTgyNDc1MmQ3ZWE4ODhlNCIsInVzZXJfaWQiOiJhZG1pbkBleGFtcGxlLmNvbSJ9.mZJ_OritPr1BLH_lmaEcUPu9rMkHimRbbmK2MwfLfn0",
        "created_at": "2023-05-29T06:26:35.307Z",
        "expires_at": "2023-05-30T06:26:35Z"
    }
},
{
    "model": "token_blacklist.outstandingtoken",
    "pk": 98,
    "fields": {
        "user": [
            "admin@example.com"
        ],
        "jti": "6ef0f999b93a41e08875e954cd2b6919",
        "token": "eyJhbGciOiJIUzI1NiIsInR5cCI6IkpXVCJ9.eyJ0b2tlbl90eXBlIjoicmVmcmVzaCIsImV4cCI6MTY4NTQyNzk5NSwiaWF0IjoxNjg1MzQxNTk1LCJqdGkiOiI2ZWYwZjk5OWI5M2E0MWUwODg3NWU5NTRjZDJiNjkxOSIsInVzZXJfaWQiOiJhZG1pbkBleGFtcGxlLmNvbSJ9.2GTo99HihyZ6nuuv14ifyExoChLuA0u-ynlhMDB4Lzo",
        "created_at": "2023-05-29T06:26:35.328Z",
        "expires_at": "2023-05-30T06:26:35Z"
    }
},
{
    "model": "token_blacklist.outstandingtoken",
    "pk": 99,
    "fields": {
        "user": [
            "admin@example.com"
        ],
        "jti": "b852df80b077427e960ba1ef5ce4f513",
        "token": "eyJhbGciOiJIUzI1NiIsInR5cCI6IkpXVCJ9.eyJ0b2tlbl90eXBlIjoicmVmcmVzaCIsImV4cCI6MTY4NTQyNzk5NSwiaWF0IjoxNjg1MzQxNTk1LCJqdGkiOiJiODUyZGY4MGIwNzc0MjdlOTYwYmExZWY1Y2U0ZjUxMyIsInVzZXJfaWQiOiJhZG1pbkBleGFtcGxlLmNvbSJ9.NGCAP-DazxzkNnj0fJj7kf91g_hEOTyftcDJwygE6HU",
        "created_at": "2023-05-29T06:26:35.407Z",
        "expires_at": "2023-05-30T06:26:35Z"
    }
},
{
    "model": "token_blacklist.outstandingtoken",
    "pk": 100,
    "fields": {
        "user": [
            "admin@example.com"
        ],
        "jti": "65c00d1aea3e443789796841a9434269",
        "token": "eyJhbGciOiJIUzI1NiIsInR5cCI6IkpXVCJ9.eyJ0b2tlbl90eXBlIjoicmVmcmVzaCIsImV4cCI6MTY4NTQyNzk5NSwiaWF0IjoxNjg1MzQxNTk1LCJqdGkiOiI2NWMwMGQxYWVhM2U0NDM3ODk3OTY4NDFhOTQzNDI2OSIsInVzZXJfaWQiOiJhZG1pbkBleGFtcGxlLmNvbSJ9.zMwYarohDgf-fM4y-S6FeTyGMX1XQYYVPhYuBZCI3vU",
        "created_at": "2023-05-29T06:26:35.419Z",
        "expires_at": "2023-05-30T06:26:35Z"
    }
},
{
    "model": "token_blacklist.outstandingtoken",
    "pk": 101,
    "fields": {
        "user": [
            "admin@example.com"
        ],
        "jti": "d0756780bfd04ad185675e0a68b94bad",
        "token": "eyJhbGciOiJIUzI1NiIsInR5cCI6IkpXVCJ9.eyJ0b2tlbl90eXBlIjoicmVmcmVzaCIsImV4cCI6MTY4NTQzNTczNSwiaWF0IjoxNjg1MzQ5MzM1LCJqdGkiOiJkMDc1Njc4MGJmZDA0YWQxODU2NzVlMGE2OGI5NGJhZCIsInVzZXJfaWQiOiJhZG1pbkBleGFtcGxlLmNvbSJ9.45v0g2bKfWcryzcAvlBQcBKlNaEnFeIz1R3Nks_mnD4",
        "created_at": "2023-05-29T08:35:35.735Z",
        "expires_at": "2023-05-30T08:35:35Z"
    }
},
{
    "model": "token_blacklist.outstandingtoken",
    "pk": 102,
    "fields": {
        "user": [
            "admin@example.com"
        ],
        "jti": "422c7e66b7084d5b995ab454286869f8",
        "token": "eyJhbGciOiJIUzI1NiIsInR5cCI6IkpXVCJ9.eyJ0b2tlbl90eXBlIjoicmVmcmVzaCIsImV4cCI6MTY4NTQzNTczNSwiaWF0IjoxNjg1MzQ5MzM1LCJqdGkiOiI0MjJjN2U2NmI3MDg0ZDViOTk1YWI0NTQyODY4NjlmOCIsInVzZXJfaWQiOiJhZG1pbkBleGFtcGxlLmNvbSJ9.VWY4YP79TdU8KTv6Avqsmpc1clwzYaIzH8Z89HiAj14",
        "created_at": "2023-05-29T08:35:35.766Z",
        "expires_at": "2023-05-30T08:35:35Z"
    }
},
{
    "model": "token_blacklist.outstandingtoken",
    "pk": 103,
    "fields": {
        "user": [
            "admin@example.com"
        ],
        "jti": "3c5cb2e46e514c7789393a4f3e27658a",
        "token": "eyJhbGciOiJIUzI1NiIsInR5cCI6IkpXVCJ9.eyJ0b2tlbl90eXBlIjoicmVmcmVzaCIsImV4cCI6MTY4NTQzNTczNSwiaWF0IjoxNjg1MzQ5MzM1LCJqdGkiOiIzYzVjYjJlNDZlNTE0Yzc3ODkzOTNhNGYzZTI3NjU4YSIsInVzZXJfaWQiOiJhZG1pbkBleGFtcGxlLmNvbSJ9.hAJA8ks9XJGSIHh6HogoPuLcJboa5fmxelp-VsIhQBw",
        "created_at": "2023-05-29T08:35:35.838Z",
        "expires_at": "2023-05-30T08:35:35Z"
    }
},
{
    "model": "token_blacklist.outstandingtoken",
    "pk": 104,
    "fields": {
        "user": [
            "admin@example.com"
        ],
        "jti": "44b76bcafab74f4d969939fe08161f5e",
        "token": "eyJhbGciOiJIUzI1NiIsInR5cCI6IkpXVCJ9.eyJ0b2tlbl90eXBlIjoicmVmcmVzaCIsImV4cCI6MTY4NTQzNTczNSwiaWF0IjoxNjg1MzQ5MzM1LCJqdGkiOiI0NGI3NmJjYWZhYjc0ZjRkOTY5OTM5ZmUwODE2MWY1ZSIsInVzZXJfaWQiOiJhZG1pbkBleGFtcGxlLmNvbSJ9.cmfNhmDTYZjPwax_6SoiUZeZg5KjAetPMKy82hNY-wk",
        "created_at": "2023-05-29T08:35:35.855Z",
        "expires_at": "2023-05-30T08:35:35Z"
    }
},
{
    "model": "token_blacklist.outstandingtoken",
    "pk": 105,
    "fields": {
        "user": [
            "admin@example.com"
        ],
        "jti": "e5e9382f7acb4f3d8d36e27e32bfd2ad",
        "token": "eyJhbGciOiJIUzI1NiIsInR5cCI6IkpXVCJ9.eyJ0b2tlbl90eXBlIjoicmVmcmVzaCIsImV4cCI6MTY4NTQ1NTQwNSwiaWF0IjoxNjg1MzY5MDA1LCJqdGkiOiJlNWU5MzgyZjdhY2I0ZjNkOGQzNmUyN2UzMmJmZDJhZCIsInVzZXJfaWQiOiJhZG1pbkBleGFtcGxlLmNvbSJ9.8uVg1tutFZTiWO_aqhSqIum03A9cXBVMUwLJoU0iXDo",
        "created_at": "2023-05-29T14:03:25.773Z",
        "expires_at": "2023-05-30T14:03:25Z"
    }
},
{
    "model": "token_blacklist.outstandingtoken",
    "pk": 106,
    "fields": {
        "user": [
            "admin@example.com"
        ],
        "jti": "2d780cb119f840808492b9b1c6c8b7fe",
        "token": "eyJhbGciOiJIUzI1NiIsInR5cCI6IkpXVCJ9.eyJ0b2tlbl90eXBlIjoicmVmcmVzaCIsImV4cCI6MTY4NTQ1NTQwNSwiaWF0IjoxNjg1MzY5MDA1LCJqdGkiOiIyZDc4MGNiMTE5Zjg0MDgwODQ5MmI5YjFjNmM4YjdmZSIsInVzZXJfaWQiOiJhZG1pbkBleGFtcGxlLmNvbSJ9.SabEF2BIOo3BaSSMKJ9Yquu0cfuy-vNTCshMbBSyxO8",
        "created_at": "2023-05-29T14:03:25.789Z",
        "expires_at": "2023-05-30T14:03:25Z"
    }
},
{
    "model": "token_blacklist.outstandingtoken",
    "pk": 107,
    "fields": {
        "user": [
            "admin@example.com"
        ],
        "jti": "c0b4527f9bea4cbbb7680a645c0bc15b",
        "token": "eyJhbGciOiJIUzI1NiIsInR5cCI6IkpXVCJ9.eyJ0b2tlbl90eXBlIjoicmVmcmVzaCIsImV4cCI6MTY4NTQ1NTQwNSwiaWF0IjoxNjg1MzY5MDA1LCJqdGkiOiJjMGI0NTI3ZjliZWE0Y2JiYjc2ODBhNjQ1YzBiYzE1YiIsInVzZXJfaWQiOiJhZG1pbkBleGFtcGxlLmNvbSJ9.VLVfINdv7MrwZwHF0xkNvmDSYWOst4jtPr0oeuI2__8",
        "created_at": "2023-05-29T14:03:25.857Z",
        "expires_at": "2023-05-30T14:03:25Z"
    }
},
{
    "model": "token_blacklist.outstandingtoken",
    "pk": 108,
    "fields": {
        "user": [
            "admin@example.com"
        ],
        "jti": "b7e7c17810f74115bcd4a551272cfb1f",
        "token": "eyJhbGciOiJIUzI1NiIsInR5cCI6IkpXVCJ9.eyJ0b2tlbl90eXBlIjoicmVmcmVzaCIsImV4cCI6MTY4NTQ1NTQwNSwiaWF0IjoxNjg1MzY5MDA1LCJqdGkiOiJiN2U3YzE3ODEwZjc0MTE1YmNkNGE1NTEyNzJjZmIxZiIsInVzZXJfaWQiOiJhZG1pbkBleGFtcGxlLmNvbSJ9.G_Gg_Gq_d9IfUbMotIs0KFQ3g2Q2JNoz7LhWpjcXVpE",
        "created_at": "2023-05-29T14:03:25.871Z",
        "expires_at": "2023-05-30T14:03:25Z"
    }
},
{
    "model": "token_blacklist.outstandingtoken",
    "pk": 109,
    "fields": {
        "user": [
            "admin@example.com"
        ],
        "jti": "0aca0c3dc15542a18179f3ffcbdf9f7c",
        "token": "eyJhbGciOiJIUzI1NiIsInR5cCI6IkpXVCJ9.eyJ0b2tlbl90eXBlIjoicmVmcmVzaCIsImV4cCI6MTY4NTcxMDM0OSwiaWF0IjoxNjg1NjIzOTQ5LCJqdGkiOiIwYWNhMGMzZGMxNTU0MmExODE3OWYzZmZjYmRmOWY3YyIsInVzZXJfaWQiOiJhZG1pbkBleGFtcGxlLmNvbSJ9.eJfAhS5eegcwWSFNnF2xfR03W1xYr4T5STvb0XgI-7E",
        "created_at": "2023-06-01T12:52:29.724Z",
        "expires_at": "2023-06-02T12:52:29Z"
    }
},
{
    "model": "token_blacklist.outstandingtoken",
    "pk": 110,
    "fields": {
        "user": [
            "admin@example.com"
        ],
        "jti": "da958a704eee4613bf5aa0b92835ea32",
        "token": "eyJhbGciOiJIUzI1NiIsInR5cCI6IkpXVCJ9.eyJ0b2tlbl90eXBlIjoicmVmcmVzaCIsImV4cCI6MTY4NTcxMDM0OSwiaWF0IjoxNjg1NjIzOTQ5LCJqdGkiOiJkYTk1OGE3MDRlZWU0NjEzYmY1YWEwYjkyODM1ZWEzMiIsInVzZXJfaWQiOiJhZG1pbkBleGFtcGxlLmNvbSJ9.5ihKoMKz7zymlZNi1GtzjVzsPANu2lpvenodOzCogFA",
        "created_at": "2023-06-01T12:52:29.743Z",
        "expires_at": "2023-06-02T12:52:29Z"
    }
},
{
    "model": "token_blacklist.outstandingtoken",
    "pk": 111,
    "fields": {
        "user": [
            "admin@example.com"
        ],
        "jti": "222fb5d5fdad417eace3162c1b10aed5",
        "token": "eyJhbGciOiJIUzI1NiIsInR5cCI6IkpXVCJ9.eyJ0b2tlbl90eXBlIjoicmVmcmVzaCIsImV4cCI6MTY4NTcxMDM0OSwiaWF0IjoxNjg1NjIzOTQ5LCJqdGkiOiIyMjJmYjVkNWZkYWQ0MTdlYWNlMzE2MmMxYjEwYWVkNSIsInVzZXJfaWQiOiJhZG1pbkBleGFtcGxlLmNvbSJ9.HyDGIoKGMKeWfaJf6dh9jbzrl2T7Rk_h4wqZONqjulQ",
        "created_at": "2023-06-01T12:52:29.814Z",
        "expires_at": "2023-06-02T12:52:29Z"
    }
},
{
    "model": "token_blacklist.outstandingtoken",
    "pk": 112,
    "fields": {
        "user": [
            "admin@example.com"
        ],
        "jti": "5739f671068a4de7b7ca12bf441f3c62",
        "token": "eyJhbGciOiJIUzI1NiIsInR5cCI6IkpXVCJ9.eyJ0b2tlbl90eXBlIjoicmVmcmVzaCIsImV4cCI6MTY4NTcxMDM0OSwiaWF0IjoxNjg1NjIzOTQ5LCJqdGkiOiI1NzM5ZjY3MTA2OGE0ZGU3YjdjYTEyYmY0NDFmM2M2MiIsInVzZXJfaWQiOiJhZG1pbkBleGFtcGxlLmNvbSJ9.rbYK2M5W8-90NwvcTacWiQahQ0UZ_CyHiy7fyYabTKQ",
        "created_at": "2023-06-01T12:52:29.826Z",
        "expires_at": "2023-06-02T12:52:29Z"
    }
},
{
    "model": "token_blacklist.outstandingtoken",
    "pk": 113,
    "fields": {
        "user": [
            "admin@example.com"
        ],
        "jti": "1867dc16c96845af9716be351724c88e",
        "token": "eyJhbGciOiJIUzI1NiIsInR5cCI6IkpXVCJ9.eyJ0b2tlbl90eXBlIjoicmVmcmVzaCIsImV4cCI6MTY4NTc4NzIyMCwiaWF0IjoxNjg1NzAwODIwLCJqdGkiOiIxODY3ZGMxNmM5Njg0NWFmOTcxNmJlMzUxNzI0Yzg4ZSIsInVzZXJfaWQiOiJhZG1pbkBleGFtcGxlLmNvbSJ9.NQoaDL8CRZXBXn72eoGyEBBWNXruyZm-3QKvmUzpWa0",
        "created_at": "2023-06-02T10:13:40.995Z",
        "expires_at": "2023-06-03T10:13:40Z"
    }
},
{
    "model": "token_blacklist.outstandingtoken",
    "pk": 114,
    "fields": {
        "user": [
            "admin@example.com"
        ],
        "jti": "6106a9dbd1a24f34900090f6e97ae167",
        "token": "eyJhbGciOiJIUzI1NiIsInR5cCI6IkpXVCJ9.eyJ0b2tlbl90eXBlIjoicmVmcmVzaCIsImV4cCI6MTY4NTc4NzIyMSwiaWF0IjoxNjg1NzAwODIxLCJqdGkiOiI2MTA2YTlkYmQxYTI0ZjM0OTAwMDkwZjZlOTdhZTE2NyIsInVzZXJfaWQiOiJhZG1pbkBleGFtcGxlLmNvbSJ9.ZhbI52aB5vpMh1NbjqKFjOAhDVkNKflPuRPCxMxjsBs",
        "created_at": "2023-06-02T10:13:41.010Z",
        "expires_at": "2023-06-03T10:13:41Z"
    }
},
{
    "model": "token_blacklist.outstandingtoken",
    "pk": 115,
    "fields": {
        "user": [
            "admin@example.com"
        ],
        "jti": "b77fc93272ce41439d6b95b5d8e7a653",
        "token": "eyJhbGciOiJIUzI1NiIsInR5cCI6IkpXVCJ9.eyJ0b2tlbl90eXBlIjoicmVmcmVzaCIsImV4cCI6MTY4NTc4NzIyMSwiaWF0IjoxNjg1NzAwODIxLCJqdGkiOiJiNzdmYzkzMjcyY2U0MTQzOWQ2Yjk1YjVkOGU3YTY1MyIsInVzZXJfaWQiOiJhZG1pbkBleGFtcGxlLmNvbSJ9.ByfVxCipb0K_na3Wrpz4guXaL1km-Ifi1_MFw4aRxzI",
        "created_at": "2023-06-02T10:13:41.080Z",
        "expires_at": "2023-06-03T10:13:41Z"
    }
},
{
    "model": "token_blacklist.outstandingtoken",
    "pk": 116,
    "fields": {
        "user": [
            "admin@example.com"
        ],
        "jti": "708fdbb8b88740e3bef95696acb093e2",
        "token": "eyJhbGciOiJIUzI1NiIsInR5cCI6IkpXVCJ9.eyJ0b2tlbl90eXBlIjoicmVmcmVzaCIsImV4cCI6MTY4NTc4NzIyMSwiaWF0IjoxNjg1NzAwODIxLCJqdGkiOiI3MDhmZGJiOGI4ODc0MGUzYmVmOTU2OTZhY2IwOTNlMiIsInVzZXJfaWQiOiJhZG1pbkBleGFtcGxlLmNvbSJ9.7U_tGcIIFnXNAx2dQDVfffcvUJZA4ydG0GwnAqb_QNI",
        "created_at": "2023-06-02T10:13:41.096Z",
        "expires_at": "2023-06-03T10:13:41Z"
    }
},
{
    "model": "token_blacklist.outstandingtoken",
    "pk": 117,
    "fields": {
        "user": [
            "admin@example.com"
        ],
        "jti": "f21a5e5b086d41b0b4a56d2e1f993cee",
        "token": "eyJhbGciOiJIUzI1NiIsInR5cCI6IkpXVCJ9.eyJ0b2tlbl90eXBlIjoicmVmcmVzaCIsImV4cCI6MTY4NTc4NzI4NiwiaWF0IjoxNjg1NzAwODg2LCJqdGkiOiJmMjFhNWU1YjA4NmQ0MWIwYjRhNTZkMmUxZjk5M2NlZSIsInVzZXJfaWQiOiJhZG1pbkBleGFtcGxlLmNvbSJ9.KNlf0d5837f7f-wWqO5XSRuU27crM7XdjZ5WN7yz2Hs",
        "created_at": "2023-06-02T10:14:46.853Z",
        "expires_at": "2023-06-03T10:14:46Z"
    }
},
{
    "model": "token_blacklist.outstandingtoken",
    "pk": 118,
    "fields": {
        "user": [
            "admin@example.com"
        ],
        "jti": "fcad46c1c05c449fa6de78887e655b65",
        "token": "eyJhbGciOiJIUzI1NiIsInR5cCI6IkpXVCJ9.eyJ0b2tlbl90eXBlIjoicmVmcmVzaCIsImV4cCI6MTY4NTc4NzI4NiwiaWF0IjoxNjg1NzAwODg2LCJqdGkiOiJmY2FkNDZjMWMwNWM0NDlmYTZkZTc4ODg3ZTY1NWI2NSIsInVzZXJfaWQiOiJhZG1pbkBleGFtcGxlLmNvbSJ9.4gw5PHU-J24DsSRClAWeYoMRenKWBrwmXj3zCNVZrHw",
        "created_at": "2023-06-02T10:14:46.867Z",
        "expires_at": "2023-06-03T10:14:46Z"
    }
},
{
    "model": "token_blacklist.outstandingtoken",
    "pk": 119,
    "fields": {
        "user": [
            "admin@example.com"
        ],
        "jti": "65120f0dcdca46a6bd14cdaf1ca89a32",
        "token": "eyJhbGciOiJIUzI1NiIsInR5cCI6IkpXVCJ9.eyJ0b2tlbl90eXBlIjoicmVmcmVzaCIsImV4cCI6MTY4NTc4NzI4NiwiaWF0IjoxNjg1NzAwODg2LCJqdGkiOiI2NTEyMGYwZGNkY2E0NmE2YmQxNGNkYWYxY2E4OWEzMiIsInVzZXJfaWQiOiJhZG1pbkBleGFtcGxlLmNvbSJ9.8IUrwzgFN6oQBci4Qg8T-DtVrT-mHBaZhESh50IKY0U",
        "created_at": "2023-06-02T10:14:46.959Z",
        "expires_at": "2023-06-03T10:14:46Z"
    }
},
{
    "model": "token_blacklist.outstandingtoken",
    "pk": 120,
    "fields": {
        "user": [
            "admin@example.com"
        ],
        "jti": "1048ba2362d9471eb29fe910ef1e9c22",
        "token": "eyJhbGciOiJIUzI1NiIsInR5cCI6IkpXVCJ9.eyJ0b2tlbl90eXBlIjoicmVmcmVzaCIsImV4cCI6MTY4NTc4NzI4NiwiaWF0IjoxNjg1NzAwODg2LCJqdGkiOiIxMDQ4YmEyMzYyZDk0NzFlYjI5ZmU5MTBlZjFlOWMyMiIsInVzZXJfaWQiOiJhZG1pbkBleGFtcGxlLmNvbSJ9.ckYhGJsDXggwg1kIIK9kymHMJOsaUpN8i6rltEmhFjk",
        "created_at": "2023-06-02T10:14:46.970Z",
        "expires_at": "2023-06-03T10:14:46Z"
    }
},
{
    "model": "token_blacklist.outstandingtoken",
    "pk": 121,
    "fields": {
        "user": [
            "admin@example.com"
        ],
        "jti": "6d8ed106c6314fccb729b185fd50ae8a",
        "token": "eyJhbGciOiJIUzI1NiIsInR5cCI6IkpXVCJ9.eyJ0b2tlbl90eXBlIjoicmVmcmVzaCIsImV4cCI6MTY4NTc4NzUzMCwiaWF0IjoxNjg1NzAxMTMwLCJqdGkiOiI2ZDhlZDEwNmM2MzE0ZmNjYjcyOWIxODVmZDUwYWU4YSIsInVzZXJfaWQiOiJhZG1pbkBleGFtcGxlLmNvbSJ9.B5Dbd298A-VMProoJGoVkwirrSejQ1xKH1rOsNqMHo0",
        "created_at": "2023-06-02T10:18:50.228Z",
        "expires_at": "2023-06-03T10:18:50Z"
    }
},
{
    "model": "token_blacklist.outstandingtoken",
    "pk": 122,
    "fields": {
        "user": [
            "admin@example.com"
        ],
        "jti": "028e9c3e1814494695d5e9bb6254cc23",
        "token": "eyJhbGciOiJIUzI1NiIsInR5cCI6IkpXVCJ9.eyJ0b2tlbl90eXBlIjoicmVmcmVzaCIsImV4cCI6MTY4NTc4NzUzMCwiaWF0IjoxNjg1NzAxMTMwLCJqdGkiOiIwMjhlOWMzZTE4MTQ0OTQ2OTVkNWU5YmI2MjU0Y2MyMyIsInVzZXJfaWQiOiJhZG1pbkBleGFtcGxlLmNvbSJ9.4TatG0R_LwhOlYLOonX357BYcpzkzjuSedLNlSvZsm4",
        "created_at": "2023-06-02T10:18:50.244Z",
        "expires_at": "2023-06-03T10:18:50Z"
    }
},
{
    "model": "token_blacklist.outstandingtoken",
    "pk": 123,
    "fields": {
        "user": [
            "admin@example.com"
        ],
        "jti": "ebc633142a394536adf3bf410f3307bd",
        "token": "eyJhbGciOiJIUzI1NiIsInR5cCI6IkpXVCJ9.eyJ0b2tlbl90eXBlIjoicmVmcmVzaCIsImV4cCI6MTY4NTc4NzUzMCwiaWF0IjoxNjg1NzAxMTMwLCJqdGkiOiJlYmM2MzMxNDJhMzk0NTM2YWRmM2JmNDEwZjMzMDdiZCIsInVzZXJfaWQiOiJhZG1pbkBleGFtcGxlLmNvbSJ9.O_Z_Iiv0m96KzBPj5u_c1RQ4ufDE9G7p-j6JHU6SQfo",
        "created_at": "2023-06-02T10:18:50.313Z",
        "expires_at": "2023-06-03T10:18:50Z"
    }
},
{
    "model": "token_blacklist.outstandingtoken",
    "pk": 124,
    "fields": {
        "user": [
            "admin@example.com"
        ],
        "jti": "5ec49b16292b461f92dff3944f76679b",
        "token": "eyJhbGciOiJIUzI1NiIsInR5cCI6IkpXVCJ9.eyJ0b2tlbl90eXBlIjoicmVmcmVzaCIsImV4cCI6MTY4NTc4NzUzMCwiaWF0IjoxNjg1NzAxMTMwLCJqdGkiOiI1ZWM0OWIxNjI5MmI0NjFmOTJkZmYzOTQ0Zjc2Njc5YiIsInVzZXJfaWQiOiJhZG1pbkBleGFtcGxlLmNvbSJ9.T31120ZuW_wbuB3U0PONOKwsNicv5mwGXP63bkUlPPk",
        "created_at": "2023-06-02T10:18:50.325Z",
        "expires_at": "2023-06-03T10:18:50Z"
    }
},
{
    "model": "token_blacklist.outstandingtoken",
    "pk": 125,
    "fields": {
        "user": [
            "admin@example.com"
        ],
        "jti": "79a5ccd80a0c443ca24173bf446792a7",
        "token": "eyJhbGciOiJIUzI1NiIsInR5cCI6IkpXVCJ9.eyJ0b2tlbl90eXBlIjoicmVmcmVzaCIsImV4cCI6MTY4NTc5OTI4OCwiaWF0IjoxNjg1NzEyODg4LCJqdGkiOiI3OWE1Y2NkODBhMGM0NDNjYTI0MTczYmY0NDY3OTJhNyIsInVzZXJfaWQiOiJhZG1pbkBleGFtcGxlLmNvbSJ9.2CkdusTA4yWRroNKf4W6Yln3TJyoF5gehf0N-iaDOwA",
        "created_at": "2023-06-02T13:34:48.714Z",
        "expires_at": "2023-06-03T13:34:48Z"
    }
},
{
    "model": "token_blacklist.outstandingtoken",
    "pk": 126,
    "fields": {
        "user": [
            "admin@example.com"
        ],
        "jti": "b102b5387a3443d4b8dab8a225e4ef12",
        "token": "eyJhbGciOiJIUzI1NiIsInR5cCI6IkpXVCJ9.eyJ0b2tlbl90eXBlIjoicmVmcmVzaCIsImV4cCI6MTY4NTc5OTI4OCwiaWF0IjoxNjg1NzEyODg4LCJqdGkiOiJiMTAyYjUzODdhMzQ0M2Q0YjhkYWI4YTIyNWU0ZWYxMiIsInVzZXJfaWQiOiJhZG1pbkBleGFtcGxlLmNvbSJ9.UtVoBR5I5JCAonp0F5ZGmT8D539jxcriin0yBekog0g",
        "created_at": "2023-06-02T13:34:48.731Z",
        "expires_at": "2023-06-03T13:34:48Z"
    }
},
{
    "model": "token_blacklist.outstandingtoken",
    "pk": 127,
    "fields": {
        "user": [
            "admin@example.com"
        ],
        "jti": "5733bb7ae30e4af0bbd4cbf1c996d043",
        "token": "eyJhbGciOiJIUzI1NiIsInR5cCI6IkpXVCJ9.eyJ0b2tlbl90eXBlIjoicmVmcmVzaCIsImV4cCI6MTY4NTc5OTI4OCwiaWF0IjoxNjg1NzEyODg4LCJqdGkiOiI1NzMzYmI3YWUzMGU0YWYwYmJkNGNiZjFjOTk2ZDA0MyIsInVzZXJfaWQiOiJhZG1pbkBleGFtcGxlLmNvbSJ9.FBDp2D2FQ8GFs6hH1zMzsmgKXjQr0lTXLtWRoBaYx7E",
        "created_at": "2023-06-02T13:34:48.802Z",
        "expires_at": "2023-06-03T13:34:48Z"
    }
},
{
    "model": "token_blacklist.outstandingtoken",
    "pk": 128,
    "fields": {
        "user": [
            "admin@example.com"
        ],
        "jti": "f1406edf067247f8a45ff61e7d7e856d",
        "token": "eyJhbGciOiJIUzI1NiIsInR5cCI6IkpXVCJ9.eyJ0b2tlbl90eXBlIjoicmVmcmVzaCIsImV4cCI6MTY4NTc5OTI4OCwiaWF0IjoxNjg1NzEyODg4LCJqdGkiOiJmMTQwNmVkZjA2NzI0N2Y4YTQ1ZmY2MWU3ZDdlODU2ZCIsInVzZXJfaWQiOiJhZG1pbkBleGFtcGxlLmNvbSJ9.KPa3SRRoqxGauYdt63X4VckVem9sad05f8kgJV5jCTU",
        "created_at": "2023-06-02T13:34:48.815Z",
        "expires_at": "2023-06-03T13:34:48Z"
    }
},
{
    "model": "token_blacklist.outstandingtoken",
    "pk": 129,
    "fields": {
        "user": [
            "admin@example.com"
        ],
        "jti": "567621e306d2464fa86b646b6961a998",
        "token": "eyJhbGciOiJIUzI1NiIsInR5cCI6IkpXVCJ9.eyJ0b2tlbl90eXBlIjoicmVmcmVzaCIsImV4cCI6MTY4NjAyODQzNSwiaWF0IjoxNjg1OTQyMDM1LCJqdGkiOiI1Njc2MjFlMzA2ZDI0NjRmYTg2YjY0NmI2OTYxYTk5OCIsInVzZXJfaWQiOiJhZG1pbkBleGFtcGxlLmNvbSJ9.fwwUDlXuvCpQ1iIbZB49uBV9hFkJlfqyrjePbjbXRqo",
        "created_at": "2023-06-05T05:13:55.092Z",
        "expires_at": "2023-06-06T05:13:55Z"
    }
},
{
    "model": "token_blacklist.outstandingtoken",
    "pk": 130,
    "fields": {
        "user": [
            "admin@example.com"
        ],
        "jti": "8ba84d9b8361426fb64b10b5b745ad8a",
        "token": "eyJhbGciOiJIUzI1NiIsInR5cCI6IkpXVCJ9.eyJ0b2tlbl90eXBlIjoicmVmcmVzaCIsImV4cCI6MTY4NjAyODQzNSwiaWF0IjoxNjg1OTQyMDM1LCJqdGkiOiI4YmE4NGQ5YjgzNjE0MjZmYjY0YjEwYjViNzQ1YWQ4YSIsInVzZXJfaWQiOiJhZG1pbkBleGFtcGxlLmNvbSJ9.b_KP3WZD61F6wiTjCv_HxF6JXOUUgzuf2r3XZSS38tw",
        "created_at": "2023-06-05T05:13:55.111Z",
        "expires_at": "2023-06-06T05:13:55Z"
    }
},
{
    "model": "token_blacklist.outstandingtoken",
    "pk": 131,
    "fields": {
        "user": [
            "admin@example.com"
        ],
        "jti": "5a9e58ef0e614edf8d7e483323a41b98",
        "token": "eyJhbGciOiJIUzI1NiIsInR5cCI6IkpXVCJ9.eyJ0b2tlbl90eXBlIjoicmVmcmVzaCIsImV4cCI6MTY4NjAyODQzNSwiaWF0IjoxNjg1OTQyMDM1LCJqdGkiOiI1YTllNThlZjBlNjE0ZWRmOGQ3ZTQ4MzMyM2E0MWI5OCIsInVzZXJfaWQiOiJhZG1pbkBleGFtcGxlLmNvbSJ9.B-FaeK2W89lNtNXZz_Zsr5n11QUFC7iKdE82BvCzMx0",
        "created_at": "2023-06-05T05:13:55.182Z",
        "expires_at": "2023-06-06T05:13:55Z"
    }
},
{
    "model": "token_blacklist.outstandingtoken",
    "pk": 132,
    "fields": {
        "user": [
            "admin@example.com"
        ],
        "jti": "331f96b9ac864ca38df960e23879c842",
        "token": "eyJhbGciOiJIUzI1NiIsInR5cCI6IkpXVCJ9.eyJ0b2tlbl90eXBlIjoicmVmcmVzaCIsImV4cCI6MTY4NjAyODQzNSwiaWF0IjoxNjg1OTQyMDM1LCJqdGkiOiIzMzFmOTZiOWFjODY0Y2EzOGRmOTYwZTIzODc5Yzg0MiIsInVzZXJfaWQiOiJhZG1pbkBleGFtcGxlLmNvbSJ9.3dO90jrtqEs4cH53W-0gANGmlDV4qh-78l7hNlDgRk0",
        "created_at": "2023-06-05T05:13:55.195Z",
        "expires_at": "2023-06-06T05:13:55Z"
    }
},
{
    "model": "token_blacklist.outstandingtoken",
    "pk": 133,
    "fields": {
        "user": [
            "admin@example.com"
        ],
        "jti": "a634066e4b704610945c3d5c70a8900f",
        "token": "eyJhbGciOiJIUzI1NiIsInR5cCI6IkpXVCJ9.eyJ0b2tlbl90eXBlIjoicmVmcmVzaCIsImV4cCI6MTY4NjAzMTkwMywiaWF0IjoxNjg1OTQ1NTAzLCJqdGkiOiJhNjM0MDY2ZTRiNzA0NjEwOTQ1YzNkNWM3MGE4OTAwZiIsInVzZXJfaWQiOiJhZG1pbkBleGFtcGxlLmNvbSJ9.yuzcFItZhamIT3fuMjrm5Od1mceG-VeBydi0rkNV85c",
        "created_at": "2023-06-05T06:11:43.156Z",
        "expires_at": "2023-06-06T06:11:43Z"
    }
},
{
    "model": "token_blacklist.outstandingtoken",
    "pk": 134,
    "fields": {
        "user": [
            "admin@example.com"
        ],
        "jti": "a5c8d3c0f7ef4616b6c80f058627d770",
        "token": "eyJhbGciOiJIUzI1NiIsInR5cCI6IkpXVCJ9.eyJ0b2tlbl90eXBlIjoicmVmcmVzaCIsImV4cCI6MTY4NjAzMTkwMywiaWF0IjoxNjg1OTQ1NTAzLCJqdGkiOiJhNWM4ZDNjMGY3ZWY0NjE2YjZjODBmMDU4NjI3ZDc3MCIsInVzZXJfaWQiOiJhZG1pbkBleGFtcGxlLmNvbSJ9.atQwxK2rKgKACvM4foGGcWFliwGkj5LwwxwNMOC-dBo",
        "created_at": "2023-06-05T06:11:43.172Z",
        "expires_at": "2023-06-06T06:11:43Z"
    }
},
{
    "model": "token_blacklist.outstandingtoken",
    "pk": 135,
    "fields": {
        "user": [
            "admin@example.com"
        ],
        "jti": "14a80c5d8e354690ad79ff0c5acab487",
        "token": "eyJhbGciOiJIUzI1NiIsInR5cCI6IkpXVCJ9.eyJ0b2tlbl90eXBlIjoicmVmcmVzaCIsImV4cCI6MTY4NjAzMTkwMywiaWF0IjoxNjg1OTQ1NTAzLCJqdGkiOiIxNGE4MGM1ZDhlMzU0NjkwYWQ3OWZmMGM1YWNhYjQ4NyIsInVzZXJfaWQiOiJhZG1pbkBleGFtcGxlLmNvbSJ9.aqp5LMQpFzXCjVaGIx3GW5VjgKz2PXpsnYs8J2WvVEY",
        "created_at": "2023-06-05T06:11:43.252Z",
        "expires_at": "2023-06-06T06:11:43Z"
    }
},
{
    "model": "token_blacklist.outstandingtoken",
    "pk": 136,
    "fields": {
        "user": [
            "admin@example.com"
        ],
        "jti": "bafeb24943294bf2a911e7910348e0d5",
        "token": "eyJhbGciOiJIUzI1NiIsInR5cCI6IkpXVCJ9.eyJ0b2tlbl90eXBlIjoicmVmcmVzaCIsImV4cCI6MTY4NjAzMTkwMywiaWF0IjoxNjg1OTQ1NTAzLCJqdGkiOiJiYWZlYjI0OTQzMjk0YmYyYTkxMWU3OTEwMzQ4ZTBkNSIsInVzZXJfaWQiOiJhZG1pbkBleGFtcGxlLmNvbSJ9.MlUrW7-SAuerxROoBlWmwtS-g-ebyUi0Le0jvIry1zs",
        "created_at": "2023-06-05T06:11:43.270Z",
        "expires_at": "2023-06-06T06:11:43Z"
    }
},
{
    "model": "token_blacklist.outstandingtoken",
    "pk": 137,
    "fields": {
        "user": [
            "admin@example.com"
        ],
        "jti": "996dfca2575c4e80841077d8e3965427",
        "token": "eyJhbGciOiJIUzI1NiIsInR5cCI6IkpXVCJ9.eyJ0b2tlbl90eXBlIjoicmVmcmVzaCIsImV4cCI6MTY4NjAzNjcwOCwiaWF0IjoxNjg1OTUwMzA4LCJqdGkiOiI5OTZkZmNhMjU3NWM0ZTgwODQxMDc3ZDhlMzk2NTQyNyIsInVzZXJfaWQiOiJhZG1pbkBleGFtcGxlLmNvbSJ9.ZXc0DT0L_zmz5uekDf5vov_A_GnHvfKAnKmGKb0jUaQ",
        "created_at": "2023-06-05T07:31:48.239Z",
        "expires_at": "2023-06-06T07:31:48Z"
    }
},
{
    "model": "token_blacklist.outstandingtoken",
    "pk": 138,
    "fields": {
        "user": [
            "admin@example.com"
        ],
        "jti": "945aaa0e08bf486a972e50f3b47f5787",
        "token": "eyJhbGciOiJIUzI1NiIsInR5cCI6IkpXVCJ9.eyJ0b2tlbl90eXBlIjoicmVmcmVzaCIsImV4cCI6MTY4NjAzNjcwOCwiaWF0IjoxNjg1OTUwMzA4LCJqdGkiOiI5NDVhYWEwZTA4YmY0ODZhOTcyZTUwZjNiNDdmNTc4NyIsInVzZXJfaWQiOiJhZG1pbkBleGFtcGxlLmNvbSJ9.UL382njo0USH4ubPltjBtIYzFW_sz1ziTsc8VQJ3Ms0",
        "created_at": "2023-06-05T07:31:48.258Z",
        "expires_at": "2023-06-06T07:31:48Z"
    }
},
{
    "model": "token_blacklist.outstandingtoken",
    "pk": 139,
    "fields": {
        "user": [
            "admin@example.com"
        ],
        "jti": "4c689ac0adf644969523db355e9918db",
        "token": "eyJhbGciOiJIUzI1NiIsInR5cCI6IkpXVCJ9.eyJ0b2tlbl90eXBlIjoicmVmcmVzaCIsImV4cCI6MTY4NjAzNjcwOCwiaWF0IjoxNjg1OTUwMzA4LCJqdGkiOiI0YzY4OWFjMGFkZjY0NDk2OTUyM2RiMzU1ZTk5MThkYiIsInVzZXJfaWQiOiJhZG1pbkBleGFtcGxlLmNvbSJ9.Sl_TFpJ7_QO5vIS-Z5RU6Md-bGXbxXCGxV8sRukGpBk",
        "created_at": "2023-06-05T07:31:48.346Z",
        "expires_at": "2023-06-06T07:31:48Z"
    }
},
{
    "model": "token_blacklist.outstandingtoken",
    "pk": 140,
    "fields": {
        "user": [
            "admin@example.com"
        ],
        "jti": "62a7f0b5999f4f20b6714b9001cee304",
        "token": "eyJhbGciOiJIUzI1NiIsInR5cCI6IkpXVCJ9.eyJ0b2tlbl90eXBlIjoicmVmcmVzaCIsImV4cCI6MTY4NjAzNjcwOCwiaWF0IjoxNjg1OTUwMzA4LCJqdGkiOiI2MmE3ZjBiNTk5OWY0ZjIwYjY3MTRiOTAwMWNlZTMwNCIsInVzZXJfaWQiOiJhZG1pbkBleGFtcGxlLmNvbSJ9.vZvbl_BcD5f1gB_xQdre-y5mQqT3cDpd3albR_VOtxQ",
        "created_at": "2023-06-05T07:31:48.382Z",
        "expires_at": "2023-06-06T07:31:48Z"
    }
},
{
    "model": "token_blacklist.outstandingtoken",
    "pk": 141,
    "fields": {
        "user": [
            "admin@example.com"
        ],
        "jti": "b0b285c7b9e64139ab9891e5d7e49ecb",
        "token": "eyJhbGciOiJIUzI1NiIsInR5cCI6IkpXVCJ9.eyJ0b2tlbl90eXBlIjoicmVmcmVzaCIsImV4cCI6MTY4NjQwNzQ4MCwiaWF0IjoxNjg2MzIxMDgwLCJqdGkiOiJiMGIyODVjN2I5ZTY0MTM5YWI5ODkxZTVkN2U0OWVjYiIsInVzZXJfaWQiOiJhZG1pbkBleGFtcGxlLmNvbSJ9.s6EG09cZcakitq_sMfUUCUxGQ9t2O6kwDsQqZMrQgsU",
        "created_at": "2023-06-09T14:31:20.280Z",
        "expires_at": "2023-06-10T14:31:20Z"
    }
},
{
    "model": "token_blacklist.outstandingtoken",
    "pk": 142,
    "fields": {
        "user": [
            "admin@example.com"
        ],
        "jti": "2e9b170548a745ef88db197ba075f737",
        "token": "eyJhbGciOiJIUzI1NiIsInR5cCI6IkpXVCJ9.eyJ0b2tlbl90eXBlIjoicmVmcmVzaCIsImV4cCI6MTY4NjQwNzQ4MCwiaWF0IjoxNjg2MzIxMDgwLCJqdGkiOiIyZTliMTcwNTQ4YTc0NWVmODhkYjE5N2JhMDc1ZjczNyIsInVzZXJfaWQiOiJhZG1pbkBleGFtcGxlLmNvbSJ9.53d32RqHaN6qIwNL4K5viB0zXmOnpiZJ90L0EPgmS4g",
        "created_at": "2023-06-09T14:31:20.309Z",
        "expires_at": "2023-06-10T14:31:20Z"
    }
},
{
    "model": "token_blacklist.outstandingtoken",
    "pk": 143,
    "fields": {
        "user": [
            "admin@example.com"
        ],
        "jti": "615fd859bd6e4727b5e41ed26a97a43c",
        "token": "eyJhbGciOiJIUzI1NiIsInR5cCI6IkpXVCJ9.eyJ0b2tlbl90eXBlIjoicmVmcmVzaCIsImV4cCI6MTY4NjQwNzQ4MCwiaWF0IjoxNjg2MzIxMDgwLCJqdGkiOiI2MTVmZDg1OWJkNmU0NzI3YjVlNDFlZDI2YTk3YTQzYyIsInVzZXJfaWQiOiJhZG1pbkBleGFtcGxlLmNvbSJ9.p9eMIliA90j9iZsKa_M0tJ7ZGSS-j3YPCYmFB_QzQik",
        "created_at": "2023-06-09T14:31:20.403Z",
        "expires_at": "2023-06-10T14:31:20Z"
    }
},
{
    "model": "token_blacklist.outstandingtoken",
    "pk": 144,
    "fields": {
        "user": [
            "admin@example.com"
        ],
        "jti": "418ff27fc34a4661831458e52e2057a7",
        "token": "eyJhbGciOiJIUzI1NiIsInR5cCI6IkpXVCJ9.eyJ0b2tlbl90eXBlIjoicmVmcmVzaCIsImV4cCI6MTY4NjQwNzQ4MCwiaWF0IjoxNjg2MzIxMDgwLCJqdGkiOiI0MThmZjI3ZmMzNGE0NjYxODMxNDU4ZTUyZTIwNTdhNyIsInVzZXJfaWQiOiJhZG1pbkBleGFtcGxlLmNvbSJ9.ozfsTl4przPsaok0Q8esI6JZGeToFh1xDq0dJlv0FO8",
        "created_at": "2023-06-09T14:31:20.415Z",
        "expires_at": "2023-06-10T14:31:20Z"
    }
},
{
    "model": "token_blacklist.outstandingtoken",
    "pk": 145,
    "fields": {
        "user": [
            "admin@example.com"
        ],
        "jti": "6095d0eb8691460383ede83ec5d1d216",
        "token": "eyJhbGciOiJIUzI1NiIsInR5cCI6IkpXVCJ9.eyJ0b2tlbl90eXBlIjoicmVmcmVzaCIsImV4cCI6MTY4NjY1NDMxNSwiaWF0IjoxNjg2NTY3OTE1LCJqdGkiOiI2MDk1ZDBlYjg2OTE0NjAzODNlZGU4M2VjNWQxZDIxNiIsInVzZXJfaWQiOiJhZG1pbkBleGFtcGxlLmNvbSJ9.XbpLHF_v4O8TYTU9e86OQfs8ia6BHcZ0u15bKVylEIQ",
        "created_at": "2023-06-12T11:05:15.875Z",
        "expires_at": "2023-06-13T11:05:15Z"
    }
},
{
    "model": "token_blacklist.outstandingtoken",
    "pk": 146,
    "fields": {
        "user": [
            "admin@example.com"
        ],
        "jti": "cc5b7bc81f30473181f9c98a806a5d8e",
        "token": "eyJhbGciOiJIUzI1NiIsInR5cCI6IkpXVCJ9.eyJ0b2tlbl90eXBlIjoicmVmcmVzaCIsImV4cCI6MTY4NjY1NDMxNSwiaWF0IjoxNjg2NTY3OTE1LCJqdGkiOiJjYzViN2JjODFmMzA0NzMxODFmOWM5OGE4MDZhNWQ4ZSIsInVzZXJfaWQiOiJhZG1pbkBleGFtcGxlLmNvbSJ9.4pJor6xPBnJFqVfEf2ftiKuIt2TyF6ihLNaHuXzgafk",
        "created_at": "2023-06-12T11:05:15.893Z",
        "expires_at": "2023-06-13T11:05:15Z"
    }
},
{
    "model": "token_blacklist.outstandingtoken",
    "pk": 147,
    "fields": {
        "user": [
            "admin@example.com"
        ],
        "jti": "d362f721e164440284c0d10de3f5e98c",
        "token": "eyJhbGciOiJIUzI1NiIsInR5cCI6IkpXVCJ9.eyJ0b2tlbl90eXBlIjoicmVmcmVzaCIsImV4cCI6MTY4NjY1NDMxNSwiaWF0IjoxNjg2NTY3OTE1LCJqdGkiOiJkMzYyZjcyMWUxNjQ0NDAyODRjMGQxMGRlM2Y1ZTk4YyIsInVzZXJfaWQiOiJhZG1pbkBleGFtcGxlLmNvbSJ9.k13-i-_n5vEO3dy76OrVoBMjPORu7qD0nToTwqP9-mU",
        "created_at": "2023-06-12T11:05:15.964Z",
        "expires_at": "2023-06-13T11:05:15Z"
    }
},
{
    "model": "token_blacklist.outstandingtoken",
    "pk": 148,
    "fields": {
        "user": [
            "admin@example.com"
        ],
        "jti": "4d420d95ac714beabb45d3f1588f93fb",
        "token": "eyJhbGciOiJIUzI1NiIsInR5cCI6IkpXVCJ9.eyJ0b2tlbl90eXBlIjoicmVmcmVzaCIsImV4cCI6MTY4NjY1NDMxNSwiaWF0IjoxNjg2NTY3OTE1LCJqdGkiOiI0ZDQyMGQ5NWFjNzE0YmVhYmI0NWQzZjE1ODhmOTNmYiIsInVzZXJfaWQiOiJhZG1pbkBleGFtcGxlLmNvbSJ9.EIazAzXl9aL2-xebDGwTfVT6ccus-Me3Ij7CewZpzIs",
        "created_at": "2023-06-12T11:05:15.977Z",
        "expires_at": "2023-06-13T11:05:15Z"
    }
},
{
    "model": "token_blacklist.outstandingtoken",
    "pk": 149,
    "fields": {
        "user": [
            "admin@example.com"
        ],
        "jti": "37334f99083c4241b3fa653d14596012",
        "token": "eyJhbGciOiJIUzI1NiIsInR5cCI6IkpXVCJ9.eyJ0b2tlbl90eXBlIjoicmVmcmVzaCIsImV4cCI6MTY4NzAwNDAwNSwiaWF0IjoxNjg2OTE3NjA1LCJqdGkiOiIzNzMzNGY5OTA4M2M0MjQxYjNmYTY1M2QxNDU5NjAxMiIsInVzZXJfaWQiOiJhZG1pbkBleGFtcGxlLmNvbSJ9.HOxOjOX2UZpp08hWEB0uB_KCi2BXf0wbGGzUyPdHvzo",
        "created_at": "2023-06-16T12:13:25.019Z",
        "expires_at": "2023-06-17T12:13:25Z"
    }
},
{
    "model": "token_blacklist.outstandingtoken",
    "pk": 150,
    "fields": {
        "user": [
            "admin@example.com"
        ],
        "jti": "8c35d134edcd4f33900b16bb38982db6",
        "token": "eyJhbGciOiJIUzI1NiIsInR5cCI6IkpXVCJ9.eyJ0b2tlbl90eXBlIjoicmVmcmVzaCIsImV4cCI6MTY4NzAwNDAwNSwiaWF0IjoxNjg2OTE3NjA1LCJqdGkiOiI4YzM1ZDEzNGVkY2Q0ZjMzOTAwYjE2YmIzODk4MmRiNiIsInVzZXJfaWQiOiJhZG1pbkBleGFtcGxlLmNvbSJ9.mpvvC7IV-QBcC75QXwF5aqjGZ5YWc6PI_fMalZ-UQS8",
        "created_at": "2023-06-16T12:13:25.037Z",
        "expires_at": "2023-06-17T12:13:25Z"
    }
},
{
    "model": "token_blacklist.outstandingtoken",
    "pk": 151,
    "fields": {
        "user": [
            "admin@example.com"
        ],
        "jti": "4ed5eab9e27c4ccda398961218256593",
        "token": "eyJhbGciOiJIUzI1NiIsInR5cCI6IkpXVCJ9.eyJ0b2tlbl90eXBlIjoicmVmcmVzaCIsImV4cCI6MTY4NzAwNDAwNSwiaWF0IjoxNjg2OTE3NjA1LCJqdGkiOiI0ZWQ1ZWFiOWUyN2M0Y2NkYTM5ODk2MTIxODI1NjU5MyIsInVzZXJfaWQiOiJhZG1pbkBleGFtcGxlLmNvbSJ9._B5j16GlEHT20gp-0kVhs_E5fT1fbVSLhU4uFMyHQ2o",
        "created_at": "2023-06-16T12:13:25.127Z",
        "expires_at": "2023-06-17T12:13:25Z"
    }
},
{
    "model": "token_blacklist.outstandingtoken",
    "pk": 152,
    "fields": {
        "user": [
            "admin@example.com"
        ],
        "jti": "b371366ca1824d4db6d49e1e11dc2e86",
        "token": "eyJhbGciOiJIUzI1NiIsInR5cCI6IkpXVCJ9.eyJ0b2tlbl90eXBlIjoicmVmcmVzaCIsImV4cCI6MTY4NzAwNDAwNSwiaWF0IjoxNjg2OTE3NjA1LCJqdGkiOiJiMzcxMzY2Y2ExODI0ZDRkYjZkNDllMWUxMWRjMmU4NiIsInVzZXJfaWQiOiJhZG1pbkBleGFtcGxlLmNvbSJ9.2QOxduteaokf460E1aWA72Yg_Y_5oLx-o8wXdo16pjM",
        "created_at": "2023-06-16T12:13:25.142Z",
        "expires_at": "2023-06-17T12:13:25Z"
    }
},
{
    "model": "token_blacklist.outstandingtoken",
    "pk": 153,
    "fields": {
        "user": [
            "admin@example.com"
        ],
        "jti": "00c25966cebd4ed1a419cafa6e84ba35",
        "token": "eyJhbGciOiJIUzI1NiIsInR5cCI6IkpXVCJ9.eyJ0b2tlbl90eXBlIjoicmVmcmVzaCIsImV4cCI6MTY4NzAxMTU4NCwiaWF0IjoxNjg2OTI1MTg0LCJqdGkiOiIwMGMyNTk2NmNlYmQ0ZWQxYTQxOWNhZmE2ZTg0YmEzNSIsInVzZXJfaWQiOiJhZG1pbkBleGFtcGxlLmNvbSJ9.wCY04kYWAOmJFPOQlB0BQuStGKEa-XpIohtKfV8oQhQ",
        "created_at": "2023-06-16T14:19:44.517Z",
        "expires_at": "2023-06-17T14:19:44Z"
    }
},
{
    "model": "token_blacklist.outstandingtoken",
    "pk": 154,
    "fields": {
        "user": [
            "admin@example.com"
        ],
        "jti": "97dfa89a825f468d8e64013b3d01c258",
        "token": "eyJhbGciOiJIUzI1NiIsInR5cCI6IkpXVCJ9.eyJ0b2tlbl90eXBlIjoicmVmcmVzaCIsImV4cCI6MTY4NzAxMTU4NCwiaWF0IjoxNjg2OTI1MTg0LCJqdGkiOiI5N2RmYTg5YTgyNWY0NjhkOGU2NDAxM2IzZDAxYzI1OCIsInVzZXJfaWQiOiJhZG1pbkBleGFtcGxlLmNvbSJ9.I5K3mbVFfazr9TE4HQeILSAjmQ2ZD-_Eo4Q4AHRaq_k",
        "created_at": "2023-06-16T14:19:44.533Z",
        "expires_at": "2023-06-17T14:19:44Z"
    }
},
{
    "model": "token_blacklist.outstandingtoken",
    "pk": 155,
    "fields": {
        "user": [
            "admin@example.com"
        ],
        "jti": "783a078c08544fc4a8448bdaba082abc",
        "token": "eyJhbGciOiJIUzI1NiIsInR5cCI6IkpXVCJ9.eyJ0b2tlbl90eXBlIjoicmVmcmVzaCIsImV4cCI6MTY4NzAxMTU4NCwiaWF0IjoxNjg2OTI1MTg0LCJqdGkiOiI3ODNhMDc4YzA4NTQ0ZmM0YTg0NDhiZGFiYTA4MmFiYyIsInVzZXJfaWQiOiJhZG1pbkBleGFtcGxlLmNvbSJ9.TuP5N-cz7GpM3S5_I7dnv_ZDcOZ0F_Sn9vzLbNZEkI0",
        "created_at": "2023-06-16T14:19:44.618Z",
        "expires_at": "2023-06-17T14:19:44Z"
    }
},
{
    "model": "token_blacklist.outstandingtoken",
    "pk": 156,
    "fields": {
        "user": [
            "admin@example.com"
        ],
        "jti": "9ab8c823b4dd467abc0d2e84580391a6",
        "token": "eyJhbGciOiJIUzI1NiIsInR5cCI6IkpXVCJ9.eyJ0b2tlbl90eXBlIjoicmVmcmVzaCIsImV4cCI6MTY4NzAxMTU4NCwiaWF0IjoxNjg2OTI1MTg0LCJqdGkiOiI5YWI4YzgyM2I0ZGQ0NjdhYmMwZDJlODQ1ODAzOTFhNiIsInVzZXJfaWQiOiJhZG1pbkBleGFtcGxlLmNvbSJ9.kBQvoC5r1oOtWi-E-HDljXWaxaVsNz57LTxBnCztoOk",
        "created_at": "2023-06-16T14:19:44.631Z",
        "expires_at": "2023-06-17T14:19:44Z"
    }
},
{
    "model": "token_blacklist.outstandingtoken",
    "pk": 157,
    "fields": {
        "user": [
            "admin@example.com"
        ],
        "jti": "db54ad44281b47e294d111817db9ec84",
        "token": "eyJhbGciOiJIUzI1NiIsInR5cCI6IkpXVCJ9.eyJ0b2tlbl90eXBlIjoicmVmcmVzaCIsImV4cCI6MTY4NzAxNDE0MCwiaWF0IjoxNjg2OTI3NzQwLCJqdGkiOiJkYjU0YWQ0NDI4MWI0N2UyOTRkMTExODE3ZGI5ZWM4NCIsInVzZXJfaWQiOiJhZG1pbkBleGFtcGxlLmNvbSJ9.a83S_Gyb-vJycS16Lz4i2fzU3MRXJKgk-rO_Cq6IrW4",
        "created_at": "2023-06-16T15:02:20.361Z",
        "expires_at": "2023-06-17T15:02:20Z"
    }
},
{
    "model": "token_blacklist.outstandingtoken",
    "pk": 158,
    "fields": {
        "user": [
            "admin@example.com"
        ],
        "jti": "92fa15cf656d445b80cb0f4f8ddc6dd9",
        "token": "eyJhbGciOiJIUzI1NiIsInR5cCI6IkpXVCJ9.eyJ0b2tlbl90eXBlIjoicmVmcmVzaCIsImV4cCI6MTY4NzAxNDE0MCwiaWF0IjoxNjg2OTI3NzQwLCJqdGkiOiI5MmZhMTVjZjY1NmQ0NDViODBjYjBmNGY4ZGRjNmRkOSIsInVzZXJfaWQiOiJhZG1pbkBleGFtcGxlLmNvbSJ9.eOAhiZ_OBIOM8I-xyoA-jXcVsvkqt69DShd6FXNjud0",
        "created_at": "2023-06-16T15:02:20.380Z",
        "expires_at": "2023-06-17T15:02:20Z"
    }
},
{
    "model": "token_blacklist.outstandingtoken",
    "pk": 159,
    "fields": {
        "user": [
            "admin@example.com"
        ],
        "jti": "e6a0bce6853948c48e4baa28565ba855",
        "token": "eyJhbGciOiJIUzI1NiIsInR5cCI6IkpXVCJ9.eyJ0b2tlbl90eXBlIjoicmVmcmVzaCIsImV4cCI6MTY4NzAxNDE0MCwiaWF0IjoxNjg2OTI3NzQwLCJqdGkiOiJlNmEwYmNlNjg1Mzk0OGM0OGU0YmFhMjg1NjViYTg1NSIsInVzZXJfaWQiOiJhZG1pbkBleGFtcGxlLmNvbSJ9.9mXesJfgtTe-WigGrWn2IZovFfnVQFoLdMmBCl19YwY",
        "created_at": "2023-06-16T15:02:20.471Z",
        "expires_at": "2023-06-17T15:02:20Z"
    }
},
{
    "model": "token_blacklist.outstandingtoken",
    "pk": 160,
    "fields": {
        "user": [
            "admin@example.com"
        ],
        "jti": "0ddd7960f8fb4f48b758079f87e224b8",
        "token": "eyJhbGciOiJIUzI1NiIsInR5cCI6IkpXVCJ9.eyJ0b2tlbl90eXBlIjoicmVmcmVzaCIsImV4cCI6MTY4NzAxNDE0MCwiaWF0IjoxNjg2OTI3NzQwLCJqdGkiOiIwZGRkNzk2MGY4ZmI0ZjQ4Yjc1ODA3OWY4N2UyMjRiOCIsInVzZXJfaWQiOiJhZG1pbkBleGFtcGxlLmNvbSJ9.ibKiSY-TIgUKI3PYWMQ6ao2JA20CcbNUmxsWFPF0Lu0",
        "created_at": "2023-06-16T15:02:20.486Z",
        "expires_at": "2023-06-17T15:02:20Z"
    }
},
{
    "model": "token_blacklist.outstandingtoken",
    "pk": 161,
    "fields": {
        "user": [
            "admin@example.com"
        ],
        "jti": "baa89edb0976478d908fcc23f60fc2f7",
        "token": "eyJhbGciOiJIUzI1NiIsInR5cCI6IkpXVCJ9.eyJ0b2tlbl90eXBlIjoicmVmcmVzaCIsImV4cCI6MTY4NzA2OTQ5NywiaWF0IjoxNjg2OTgzMDk3LCJqdGkiOiJiYWE4OWVkYjA5NzY0NzhkOTA4ZmNjMjNmNjBmYzJmNyIsInVzZXJfaWQiOiJhZG1pbkBleGFtcGxlLmNvbSJ9.KNx1Vy6G5A50Ytxrf62zLK4uNEQwWWd-KC5GPunzW_w",
        "created_at": "2023-06-17T06:24:57.302Z",
        "expires_at": "2023-06-18T06:24:57Z"
    }
},
{
    "model": "token_blacklist.outstandingtoken",
    "pk": 162,
    "fields": {
        "user": [
            "admin@example.com"
        ],
        "jti": "c62c6102ff4a4d12a1ce70055353ef6e",
        "token": "eyJhbGciOiJIUzI1NiIsInR5cCI6IkpXVCJ9.eyJ0b2tlbl90eXBlIjoicmVmcmVzaCIsImV4cCI6MTY4NzA2OTQ5NywiaWF0IjoxNjg2OTgzMDk3LCJqdGkiOiJjNjJjNjEwMmZmNGE0ZDEyYTFjZTcwMDU1MzUzZWY2ZSIsInVzZXJfaWQiOiJhZG1pbkBleGFtcGxlLmNvbSJ9.M_WAgtx1nE1jgjsuvvBVGfGOKbRD9LobU639suRSejQ",
        "created_at": "2023-06-17T06:24:57.317Z",
        "expires_at": "2023-06-18T06:24:57Z"
    }
},
{
    "model": "token_blacklist.outstandingtoken",
    "pk": 163,
    "fields": {
        "user": [
            "admin@example.com"
        ],
        "jti": "664f45444ff041d88a489aa41368fa6d",
        "token": "eyJhbGciOiJIUzI1NiIsInR5cCI6IkpXVCJ9.eyJ0b2tlbl90eXBlIjoicmVmcmVzaCIsImV4cCI6MTY4NzA2OTQ5NywiaWF0IjoxNjg2OTgzMDk3LCJqdGkiOiI2NjRmNDU0NDRmZjA0MWQ4OGE0ODlhYTQxMzY4ZmE2ZCIsInVzZXJfaWQiOiJhZG1pbkBleGFtcGxlLmNvbSJ9.wc4P__FKmw7GROWnKkUcDNZOXHOwOxgok-vAyUQ5M9c",
        "created_at": "2023-06-17T06:24:57.411Z",
        "expires_at": "2023-06-18T06:24:57Z"
    }
},
{
    "model": "token_blacklist.outstandingtoken",
    "pk": 164,
    "fields": {
        "user": [
            "admin@example.com"
        ],
        "jti": "ba442a5acaab4f77a78117d9c3a59862",
        "token": "eyJhbGciOiJIUzI1NiIsInR5cCI6IkpXVCJ9.eyJ0b2tlbl90eXBlIjoicmVmcmVzaCIsImV4cCI6MTY4NzA2OTQ5NywiaWF0IjoxNjg2OTgzMDk3LCJqdGkiOiJiYTQ0MmE1YWNhYWI0Zjc3YTc4MTE3ZDljM2E1OTg2MiIsInVzZXJfaWQiOiJhZG1pbkBleGFtcGxlLmNvbSJ9.hWk3lLdWQAMNhaEJKdvnmUoY4Fyc1JmKaJunRszJJPc",
        "created_at": "2023-06-17T06:24:57.424Z",
        "expires_at": "2023-06-18T06:24:57Z"
    }
},
{
    "model": "token_blacklist.outstandingtoken",
    "pk": 165,
    "fields": {
        "user": [
            "admin@example.com"
        ],
        "jti": "4609c15890094fd9ad7935fc5ac72f42",
        "token": "eyJhbGciOiJIUzI1NiIsInR5cCI6IkpXVCJ9.eyJ0b2tlbl90eXBlIjoicmVmcmVzaCIsImV4cCI6MTY4NzI2MjI4MiwiaWF0IjoxNjg3MTc1ODgyLCJqdGkiOiI0NjA5YzE1ODkwMDk0ZmQ5YWQ3OTM1ZmM1YWM3MmY0MiIsInVzZXJfaWQiOiJhZG1pbkBleGFtcGxlLmNvbSJ9.Urfp58oBdPznb84w9u6ZNbKg7PqgyXtJnNPwyYR64XA",
        "created_at": "2023-06-19T11:58:02.843Z",
        "expires_at": "2023-06-20T11:58:02Z"
    }
},
{
    "model": "token_blacklist.outstandingtoken",
    "pk": 166,
    "fields": {
        "user": [
            "admin@example.com"
        ],
        "jti": "63372ed92fb8416392d9bf77b07dfa8a",
        "token": "eyJhbGciOiJIUzI1NiIsInR5cCI6IkpXVCJ9.eyJ0b2tlbl90eXBlIjoicmVmcmVzaCIsImV4cCI6MTY4NzI2MjI4MiwiaWF0IjoxNjg3MTc1ODgyLCJqdGkiOiI2MzM3MmVkOTJmYjg0MTYzOTJkOWJmNzdiMDdkZmE4YSIsInVzZXJfaWQiOiJhZG1pbkBleGFtcGxlLmNvbSJ9.sRklbeZRFT5jMYldkXysH0jYXeDRpb2PaY7j4Kh5MJg",
        "created_at": "2023-06-19T11:58:02.869Z",
        "expires_at": "2023-06-20T11:58:02Z"
    }
},
{
    "model": "token_blacklist.outstandingtoken",
    "pk": 167,
    "fields": {
        "user": [
            "admin@example.com"
        ],
        "jti": "d7ce09869ef640a8a4568e7f59ccc0a3",
        "token": "eyJhbGciOiJIUzI1NiIsInR5cCI6IkpXVCJ9.eyJ0b2tlbl90eXBlIjoicmVmcmVzaCIsImV4cCI6MTY4NzI2MjI4MiwiaWF0IjoxNjg3MTc1ODgyLCJqdGkiOiJkN2NlMDk4NjllZjY0MGE4YTQ1NjhlN2Y1OWNjYzBhMyIsInVzZXJfaWQiOiJhZG1pbkBleGFtcGxlLmNvbSJ9.Oiq_StfnfeCgRNgJsaHsfuCuNJjPELqy4oW-bCAY6mA",
        "created_at": "2023-06-19T11:58:02.956Z",
        "expires_at": "2023-06-20T11:58:02Z"
    }
},
{
    "model": "token_blacklist.outstandingtoken",
    "pk": 168,
    "fields": {
        "user": [
            "admin@example.com"
        ],
        "jti": "50d18dab856c45fdb9df88788ddd3872",
        "token": "eyJhbGciOiJIUzI1NiIsInR5cCI6IkpXVCJ9.eyJ0b2tlbl90eXBlIjoicmVmcmVzaCIsImV4cCI6MTY4NzI2MjI4MiwiaWF0IjoxNjg3MTc1ODgyLCJqdGkiOiI1MGQxOGRhYjg1NmM0NWZkYjlkZjg4Nzg4ZGRkMzg3MiIsInVzZXJfaWQiOiJhZG1pbkBleGFtcGxlLmNvbSJ9.vLFlUXwAghPAdnpUJ3V2HuDoMy_E20JXrrP6B5RDh0M",
        "created_at": "2023-06-19T11:58:02.974Z",
        "expires_at": "2023-06-20T11:58:02Z"
    }
},
{
    "model": "token_blacklist.outstandingtoken",
    "pk": 169,
    "fields": {
        "user": [
            "admin@example.com"
        ],
        "jti": "606a37970df14b788ffe7bb8e24360d1",
        "token": "eyJhbGciOiJIUzI1NiIsInR5cCI6IkpXVCJ9.eyJ0b2tlbl90eXBlIjoicmVmcmVzaCIsImV4cCI6MTY4NzI2NDkzMiwiaWF0IjoxNjg3MTc4NTMyLCJqdGkiOiI2MDZhMzc5NzBkZjE0Yjc4OGZmZTdiYjhlMjQzNjBkMSIsInVzZXJfaWQiOiJhZG1pbkBleGFtcGxlLmNvbSJ9.3-U6109X4yYTriae8grukOmpe_XR_uO99nK3lS6U7s8",
        "created_at": "2023-06-19T12:42:12.115Z",
        "expires_at": "2023-06-20T12:42:12Z"
    }
},
{
    "model": "token_blacklist.outstandingtoken",
    "pk": 170,
    "fields": {
        "user": [
            "admin@example.com"
        ],
        "jti": "4e2c4a404c6649c3b20a824138d2ed0c",
        "token": "eyJhbGciOiJIUzI1NiIsInR5cCI6IkpXVCJ9.eyJ0b2tlbl90eXBlIjoicmVmcmVzaCIsImV4cCI6MTY4NzI2NDkzMiwiaWF0IjoxNjg3MTc4NTMyLCJqdGkiOiI0ZTJjNGE0MDRjNjY0OWMzYjIwYTgyNDEzOGQyZWQwYyIsInVzZXJfaWQiOiJhZG1pbkBleGFtcGxlLmNvbSJ9.XT562Ew2i3ENAPI4Qjctn1BJGvrclKLMDjrsLklRXEM",
        "created_at": "2023-06-19T12:42:12.139Z",
        "expires_at": "2023-06-20T12:42:12Z"
    }
},
{
    "model": "token_blacklist.outstandingtoken",
    "pk": 171,
    "fields": {
        "user": [
            "admin@example.com"
        ],
        "jti": "8f9deec18a78491f9897e68deff298fc",
        "token": "eyJhbGciOiJIUzI1NiIsInR5cCI6IkpXVCJ9.eyJ0b2tlbl90eXBlIjoicmVmcmVzaCIsImV4cCI6MTY4NzI2NDkzMiwiaWF0IjoxNjg3MTc4NTMyLCJqdGkiOiI4ZjlkZWVjMThhNzg0OTFmOTg5N2U2OGRlZmYyOThmYyIsInVzZXJfaWQiOiJhZG1pbkBleGFtcGxlLmNvbSJ9.YbuaXn1kb_XQdIGbzavXKxNPWVaARDV7yaCIBwX9jW4",
        "created_at": "2023-06-19T12:42:12.224Z",
        "expires_at": "2023-06-20T12:42:12Z"
    }
},
{
    "model": "token_blacklist.outstandingtoken",
    "pk": 172,
    "fields": {
        "user": [
            "admin@example.com"
        ],
        "jti": "f495f06ffd2a4550992a3ad3ab2f9969",
        "token": "eyJhbGciOiJIUzI1NiIsInR5cCI6IkpXVCJ9.eyJ0b2tlbl90eXBlIjoicmVmcmVzaCIsImV4cCI6MTY4NzI2NDkzMiwiaWF0IjoxNjg3MTc4NTMyLCJqdGkiOiJmNDk1ZjA2ZmZkMmE0NTUwOTkyYTNhZDNhYjJmOTk2OSIsInVzZXJfaWQiOiJhZG1pbkBleGFtcGxlLmNvbSJ9.Z_IRdRof7OXq9GHgYvfpUkegswRc4vY6G5EyJprtbv0",
        "created_at": "2023-06-19T12:42:12.236Z",
        "expires_at": "2023-06-20T12:42:12Z"
    }
},
{
    "model": "token_blacklist.outstandingtoken",
    "pk": 173,
    "fields": {
        "user": [
            "admin@example.com"
        ],
        "jti": "96a3143b6cde439f84f265de6e96853a",
        "token": "eyJhbGciOiJIUzI1NiIsInR5cCI6IkpXVCJ9.eyJ0b2tlbl90eXBlIjoicmVmcmVzaCIsImV4cCI6MTY4NzI2NzMzMCwiaWF0IjoxNjg3MTgwOTMwLCJqdGkiOiI5NmEzMTQzYjZjZGU0MzlmODRmMjY1ZGU2ZTk2ODUzYSIsInVzZXJfaWQiOiJhZG1pbkBleGFtcGxlLmNvbSJ9.VPNTrDL1umckVqFcnktCk7x9D2Toak-KfnXCHxatfko",
        "created_at": "2023-06-19T13:22:10.630Z",
        "expires_at": "2023-06-20T13:22:10Z"
    }
},
{
    "model": "token_blacklist.outstandingtoken",
    "pk": 174,
    "fields": {
        "user": [
            "admin@example.com"
        ],
        "jti": "0e7fd3104d0d41c1a9b2d3a32e894f9f",
        "token": "eyJhbGciOiJIUzI1NiIsInR5cCI6IkpXVCJ9.eyJ0b2tlbl90eXBlIjoicmVmcmVzaCIsImV4cCI6MTY4NzI2NzMzMCwiaWF0IjoxNjg3MTgwOTMwLCJqdGkiOiIwZTdmZDMxMDRkMGQ0MWMxYTliMmQzYTMyZTg5NGY5ZiIsInVzZXJfaWQiOiJhZG1pbkBleGFtcGxlLmNvbSJ9.ciMkhoYTKmcdENJSCvgBeGsMTWo8IkNtqix0_PZ_-rM",
        "created_at": "2023-06-19T13:22:10.648Z",
        "expires_at": "2023-06-20T13:22:10Z"
    }
},
{
    "model": "token_blacklist.outstandingtoken",
    "pk": 175,
    "fields": {
        "user": [
            "admin@example.com"
        ],
        "jti": "c412c068166d4710a96e75c79fe55895",
        "token": "eyJhbGciOiJIUzI1NiIsInR5cCI6IkpXVCJ9.eyJ0b2tlbl90eXBlIjoicmVmcmVzaCIsImV4cCI6MTY4NzI2NzMzMCwiaWF0IjoxNjg3MTgwOTMwLCJqdGkiOiJjNDEyYzA2ODE2NmQ0NzEwYTk2ZTc1Yzc5ZmU1NTg5NSIsInVzZXJfaWQiOiJhZG1pbkBleGFtcGxlLmNvbSJ9.dDpAh12FAg3rRK1jZ9gRVL7o3GdRsB0x5VvpL2J6Y3o",
        "created_at": "2023-06-19T13:22:10.733Z",
        "expires_at": "2023-06-20T13:22:10Z"
    }
},
{
    "model": "token_blacklist.outstandingtoken",
    "pk": 176,
    "fields": {
        "user": [
            "admin@example.com"
        ],
        "jti": "72302a98516f439fa79b3e6476675c27",
        "token": "eyJhbGciOiJIUzI1NiIsInR5cCI6IkpXVCJ9.eyJ0b2tlbl90eXBlIjoicmVmcmVzaCIsImV4cCI6MTY4NzI2NzMzMCwiaWF0IjoxNjg3MTgwOTMwLCJqdGkiOiI3MjMwMmE5ODUxNmY0MzlmYTc5YjNlNjQ3NjY3NWMyNyIsInVzZXJfaWQiOiJhZG1pbkBleGFtcGxlLmNvbSJ9.7kp8RLm8dGWqN2rzbO9wsJHebwLj6g0R7NP8j-QR0Cs",
        "created_at": "2023-06-19T13:22:10.746Z",
        "expires_at": "2023-06-20T13:22:10Z"
    }
},
{
    "model": "token_blacklist.outstandingtoken",
    "pk": 177,
    "fields": {
        "user": [
            "admin@example.com"
        ],
        "jti": "5a93713373d34c74aac23f669a4e7ef9",
        "token": "eyJhbGciOiJIUzI1NiIsInR5cCI6IkpXVCJ9.eyJ0b2tlbl90eXBlIjoicmVmcmVzaCIsImV4cCI6MTY4NzkzNzEyMCwiaWF0IjoxNjg3ODUwNzIwLCJqdGkiOiI1YTkzNzEzMzczZDM0Yzc0YWFjMjNmNjY5YTRlN2VmOSIsInVzZXJfaWQiOiJhZG1pbkBleGFtcGxlLmNvbSJ9.Zl3w4xQjaX6-wKdXrCHspHaCude3wxf7b1apccuRqWA",
        "created_at": "2023-06-27T07:25:20.847Z",
        "expires_at": "2023-06-28T07:25:20Z"
    }
},
{
    "model": "token_blacklist.outstandingtoken",
    "pk": 178,
    "fields": {
        "user": [
            "admin@example.com"
        ],
        "jti": "f702827cdd1449cc91b5366c7ec57798",
        "token": "eyJhbGciOiJIUzI1NiIsInR5cCI6IkpXVCJ9.eyJ0b2tlbl90eXBlIjoicmVmcmVzaCIsImV4cCI6MTY4NzkzNzEyMCwiaWF0IjoxNjg3ODUwNzIwLCJqdGkiOiJmNzAyODI3Y2RkMTQ0OWNjOTFiNTM2NmM3ZWM1Nzc5OCIsInVzZXJfaWQiOiJhZG1pbkBleGFtcGxlLmNvbSJ9.baQLz2A9JD99vR1jiN4rezR6H2q-ewlGH3X4ogrTpFM",
        "created_at": "2023-06-27T07:25:20.871Z",
        "expires_at": "2023-06-28T07:25:20Z"
    }
},
{
    "model": "token_blacklist.outstandingtoken",
    "pk": 179,
    "fields": {
        "user": [
            "admin@example.com"
        ],
        "jti": "126c91e794d445c69c0e4505ce0a8373",
        "token": "eyJhbGciOiJIUzI1NiIsInR5cCI6IkpXVCJ9.eyJ0b2tlbl90eXBlIjoicmVmcmVzaCIsImV4cCI6MTY4NzkzNzEyMCwiaWF0IjoxNjg3ODUwNzIwLCJqdGkiOiIxMjZjOTFlNzk0ZDQ0NWM2OWMwZTQ1MDVjZTBhODM3MyIsInVzZXJfaWQiOiJhZG1pbkBleGFtcGxlLmNvbSJ9.9Rt5O7rlCJ4PAQfnNnLn8gsVh-kHNsD5IRNN7-dm1PY",
        "created_at": "2023-06-27T07:25:20.962Z",
        "expires_at": "2023-06-28T07:25:20Z"
    }
},
{
    "model": "token_blacklist.outstandingtoken",
    "pk": 180,
    "fields": {
        "user": [
            "admin@example.com"
        ],
        "jti": "b622da070a91475b8a0c3842dcbd860c",
        "token": "eyJhbGciOiJIUzI1NiIsInR5cCI6IkpXVCJ9.eyJ0b2tlbl90eXBlIjoicmVmcmVzaCIsImV4cCI6MTY4NzkzNzEyMCwiaWF0IjoxNjg3ODUwNzIwLCJqdGkiOiJiNjIyZGEwNzBhOTE0NzViOGEwYzM4NDJkY2JkODYwYyIsInVzZXJfaWQiOiJhZG1pbkBleGFtcGxlLmNvbSJ9.K2UPkPFHfXRgkpimGG93lSfZbnZrsrySX2-96giRyIc",
        "created_at": "2023-06-27T07:25:20.975Z",
        "expires_at": "2023-06-28T07:25:20Z"
    }
},
{
    "model": "token_blacklist.outstandingtoken",
    "pk": 181,
    "fields": {
        "user": [
            "admin@example.com"
        ],
        "jti": "4e092e0169d94bb5a7045e609223a394",
        "token": "eyJhbGciOiJIUzI1NiIsInR5cCI6IkpXVCJ9.eyJ0b2tlbl90eXBlIjoicmVmcmVzaCIsImV4cCI6MTY4Nzk0Nzc5OSwiaWF0IjoxNjg3ODYxMzk5LCJqdGkiOiI0ZTA5MmUwMTY5ZDk0YmI1YTcwNDVlNjA5MjIzYTM5NCIsInVzZXJfaWQiOiJhZG1pbkBleGFtcGxlLmNvbSJ9.8DgBDEGXt2pyo38Onv1F3TLUzKaKexzOyRY4FV4u-yA",
        "created_at": "2023-06-27T10:23:19.613Z",
        "expires_at": "2023-06-28T10:23:19Z"
    }
},
{
    "model": "token_blacklist.outstandingtoken",
    "pk": 182,
    "fields": {
        "user": [
            "admin@example.com"
        ],
        "jti": "71819030eade480c8f7b0cbb110c6af5",
        "token": "eyJhbGciOiJIUzI1NiIsInR5cCI6IkpXVCJ9.eyJ0b2tlbl90eXBlIjoicmVmcmVzaCIsImV4cCI6MTY4Nzk0Nzc5OSwiaWF0IjoxNjg3ODYxMzk5LCJqdGkiOiI3MTgxOTAzMGVhZGU0ODBjOGY3YjBjYmIxMTBjNmFmNSIsInVzZXJfaWQiOiJhZG1pbkBleGFtcGxlLmNvbSJ9.wBIbq-OMPmyqG40sgBzpZZxhVNMOE-YyxaYkSLNk_2o",
        "created_at": "2023-06-27T10:23:19.635Z",
        "expires_at": "2023-06-28T10:23:19Z"
    }
},
{
    "model": "token_blacklist.outstandingtoken",
    "pk": 183,
    "fields": {
        "user": [
            "admin@example.com"
        ],
        "jti": "b2788997ed5941dc9423945780f4ba24",
        "token": "eyJhbGciOiJIUzI1NiIsInR5cCI6IkpXVCJ9.eyJ0b2tlbl90eXBlIjoicmVmcmVzaCIsImV4cCI6MTY4Nzk0Nzc5OSwiaWF0IjoxNjg3ODYxMzk5LCJqdGkiOiJiMjc4ODk5N2VkNTk0MWRjOTQyMzk0NTc4MGY0YmEyNCIsInVzZXJfaWQiOiJhZG1pbkBleGFtcGxlLmNvbSJ9.kKEo6lSrHO1FfB7aii2_qUK_TzHOiPjmLJQrWGDmvws",
        "created_at": "2023-06-27T10:23:19.723Z",
        "expires_at": "2023-06-28T10:23:19Z"
    }
},
{
    "model": "token_blacklist.outstandingtoken",
    "pk": 184,
    "fields": {
        "user": [
            "admin@example.com"
        ],
        "jti": "8d22eaf86dba42fbbd254f1801fffb3a",
        "token": "eyJhbGciOiJIUzI1NiIsInR5cCI6IkpXVCJ9.eyJ0b2tlbl90eXBlIjoicmVmcmVzaCIsImV4cCI6MTY4Nzk0Nzc5OSwiaWF0IjoxNjg3ODYxMzk5LCJqdGkiOiI4ZDIyZWFmODZkYmE0MmZiYmQyNTRmMTgwMWZmZmIzYSIsInVzZXJfaWQiOiJhZG1pbkBleGFtcGxlLmNvbSJ9.tVAKRV4hr9qTbvTYqnUSqvObtbna4ZgYSVPjwwppoAQ",
        "created_at": "2023-06-27T10:23:19.736Z",
        "expires_at": "2023-06-28T10:23:19Z"
    }
},
{
    "model": "token_blacklist.outstandingtoken",
    "pk": 185,
    "fields": {
        "user": [
            "michal@test.com"
        ],
        "jti": "034180c17cb1429dac5284e30c7dd33d",
        "token": "eyJhbGciOiJIUzI1NiIsInR5cCI6IkpXVCJ9.eyJ0b2tlbl90eXBlIjoicmVmcmVzaCIsImV4cCI6MTY4ODQ3MDkyMSwiaWF0IjoxNjg4Mzg0NTIxLCJqdGkiOiIwMzQxODBjMTdjYjE0MjlkYWM1Mjg0ZTMwYzdkZDMzZCIsInVzZXJfaWQiOiJtaWNoYWxAdGVzdC5jb20ifQ.lLzjKiAYUKXWl2c-qW7M6WFC5fxfeeVwJrTjaFw19uE",
        "created_at": "2023-07-03T11:42:01.742Z",
        "expires_at": "2023-07-04T11:42:01Z"
    }
},
{
    "model": "token_blacklist.outstandingtoken",
    "pk": 186,
    "fields": {
        "user": [
            "michal@test.com"
        ],
        "jti": "43422664e14f42948350a4f61fc8a995",
        "token": "eyJhbGciOiJIUzI1NiIsInR5cCI6IkpXVCJ9.eyJ0b2tlbl90eXBlIjoicmVmcmVzaCIsImV4cCI6MTY4ODQ3MDkyMSwiaWF0IjoxNjg4Mzg0NTIxLCJqdGkiOiI0MzQyMjY2NGUxNGY0Mjk0ODM1MGE0ZjYxZmM4YTk5NSIsInVzZXJfaWQiOiJtaWNoYWxAdGVzdC5jb20ifQ.3wVgYVcip3Y6FU5RlA2tjji_8i27FWJSZweYgpp0lCo",
        "created_at": "2023-07-03T11:42:01.763Z",
        "expires_at": "2023-07-04T11:42:01Z"
    }
},
{
    "model": "token_blacklist.outstandingtoken",
    "pk": 187,
    "fields": {
        "user": [
            "michal@test.com"
        ],
        "jti": "db5072aeda4c46cdb555e71179bd9cc5",
        "token": "eyJhbGciOiJIUzI1NiIsInR5cCI6IkpXVCJ9.eyJ0b2tlbl90eXBlIjoicmVmcmVzaCIsImV4cCI6MTY4ODQ3MDkyMSwiaWF0IjoxNjg4Mzg0NTIxLCJqdGkiOiJkYjUwNzJhZWRhNGM0NmNkYjU1NWU3MTE3OWJkOWNjNSIsInVzZXJfaWQiOiJtaWNoYWxAdGVzdC5jb20ifQ.CuENmv5Iidj_JKz8g4UPd0fOUyjG3F8x3lTx8Gqig6I",
        "created_at": "2023-07-03T11:42:01.852Z",
        "expires_at": "2023-07-04T11:42:01Z"
    }
},
{
    "model": "token_blacklist.outstandingtoken",
    "pk": 188,
    "fields": {
        "user": [
            "michal@test.com"
        ],
        "jti": "e6e72c2b4a2a4ad4ad988ff1c29d2998",
        "token": "eyJhbGciOiJIUzI1NiIsInR5cCI6IkpXVCJ9.eyJ0b2tlbl90eXBlIjoicmVmcmVzaCIsImV4cCI6MTY4ODQ3MDkyMSwiaWF0IjoxNjg4Mzg0NTIxLCJqdGkiOiJlNmU3MmMyYjRhMmE0YWQ0YWQ5ODhmZjFjMjlkMjk5OCIsInVzZXJfaWQiOiJtaWNoYWxAdGVzdC5jb20ifQ.AFETx1EDqERzroevnzfUE5waSt-aiDdsjQ8oV5M63cE",
        "created_at": "2023-07-03T11:42:01.864Z",
        "expires_at": "2023-07-04T11:42:01Z"
    }
},
{
    "model": "token_blacklist.blacklistedtoken",
    "pk": 1,
    "fields": {
        "token": 6,
        "blacklisted_at": "2023-05-17T20:47:01.516Z"
    }
},
{
    "model": "token_blacklist.blacklistedtoken",
    "pk": 2,
    "fields": {
        "token": 14,
        "blacklisted_at": "2023-05-18T12:26:58.512Z"
    }
},
{
    "model": "token_blacklist.blacklistedtoken",
    "pk": 3,
    "fields": {
        "token": 18,
        "blacklisted_at": "2023-05-18T12:27:39.823Z"
    }
},
{
    "model": "token_blacklist.blacklistedtoken",
    "pk": 4,
    "fields": {
        "token": 38,
        "blacklisted_at": "2023-05-28T12:54:02.959Z"
    }
},
{
    "model": "token_blacklist.blacklistedtoken",
    "pk": 5,
    "fields": {
        "token": 42,
        "blacklisted_at": "2023-05-28T12:54:12.369Z"
    }
},
{
    "model": "token_blacklist.blacklistedtoken",
    "pk": 6,
    "fields": {
        "token": 50,
        "blacklisted_at": "2023-05-28T12:55:31.573Z"
    }
},
{
    "model": "token_blacklist.blacklistedtoken",
    "pk": 7,
    "fields": {
        "token": 54,
        "blacklisted_at": "2023-05-28T14:06:14.801Z"
    }
},
{
    "model": "token_blacklist.blacklistedtoken",
    "pk": 8,
    "fields": {
        "token": 62,
        "blacklisted_at": "2023-05-29T05:59:41.528Z"
    }
},
{
    "model": "token_blacklist.blacklistedtoken",
    "pk": 9,
    "fields": {
        "token": 66,
        "blacklisted_at": "2023-05-29T05:59:57.197Z"
    }
},
{
    "model": "token_blacklist.blacklistedtoken",
    "pk": 10,
    "fields": {
        "token": 70,
        "blacklisted_at": "2023-05-29T06:00:16.942Z"
    }
},
{
    "model": "token_blacklist.blacklistedtoken",
    "pk": 11,
    "fields": {
        "token": 74,
        "blacklisted_at": "2023-05-29T06:01:19.107Z"
    }
},
{
    "model": "token_blacklist.blacklistedtoken",
    "pk": 12,
    "fields": {
        "token": 174,
        "blacklisted_at": "2023-06-19T13:22:59.165Z"
    }
},
{
    "model": "country.shippinginfo",
    "pk": 1,
    "fields": {
        "safe_deleted": false,
        "user": null,
        "first_name": "John",
        "surname": "Doe2",
        "street": "Malostranské nám. 25",
        "city": "Praha",
        "postal_code": "11800",
        "country": "cz",
        "email": "me@michalpulpan.eu",
        "phone": "123456789",
        "additional_info": null
    }
},
{
    "model": "country.shippinginfo",
    "pk": 2,
    "fields": {
        "safe_deleted": false,
        "user": null,
        "first_name": "Michal",
        "surname": "Půlpán",
        "street": "Vojenova 7",
        "city": "Praha 8",
        "postal_code": "18000",
        "country": "cz",
        "email": "michal@michalpulpan.cz",
        "phone": "721262110",
        "additional_info": ""
    }
},
{
    "model": "country.shippinginfo",
    "pk": 3,
    "fields": {
        "safe_deleted": false,
        "user": null,
        "first_name": "Michal",
        "surname": "Půlpán",
        "street": "Vojenova 7",
        "city": "Praha 8",
        "postal_code": "18000",
        "country": "cz",
        "email": "michal@michalpulpan.cz",
        "phone": "721262110",
        "additional_info": ""
    }
},
{
    "model": "country.shippinginfo",
    "pk": 4,
    "fields": {
        "safe_deleted": false,
        "user": null,
        "first_name": "Jan",
        "surname": "Novák",
        "street": "Ulice 1",
        "city": "Praha",
        "postal_code": "1100",
        "country": "cz",
        "email": "jnovak@email.cz",
        "phone": "123456789",
        "additional_info": "Patro 2"
    }
},
{
    "model": "country.shippinginfo",
    "pk": 5,
    "fields": {
        "safe_deleted": false,
        "user": null,
        "first_name": "michal",
        "surname": "pulpan",
        "street": "ahoj",
        "city": "ads",
        "postal_code": "11",
        "country": "cz",
        "email": "michal@michalpulpan.eu",
        "phone": "1112344",
        "additional_info": "patro"
    }
},
{
    "model": "country.shippinginfo",
    "pk": 6,
    "fields": {
        "safe_deleted": false,
        "user": null,
        "first_name": "michal",
        "surname": "pulpan",
        "street": "Street 1",
        "city": "Praha 8",
        "postal_code": "18000",
        "country": "cz",
        "email": "michal@michalpulpan.cz",
        "phone": "00420123456789",
        "additional_info": ""
    }
},
{
    "model": "country.shippinginfo",
    "pk": 7,
    "fields": {
        "safe_deleted": false,
        "user": null,
        "first_name": "Michal",
        "surname": "Pulpan",
        "street": "vojenova 7",
        "city": "Praha 8",
        "postal_code": "18000",
        "country": "cz",
        "email": "me@michalpulpan.eu",
        "phone": "721262110",
        "additional_info": ""
    }
},
{
    "model": "country.shippinginfo",
    "pk": 8,
    "fields": {
        "safe_deleted": false,
        "user": null,
        "first_name": "Michal",
        "surname": "Půlpán",
        "street": "Piletická 59/43a",
        "city": "Hradec Králové",
        "postal_code": "50003",
        "country": "cz",
        "email": "me@michalpulpan.eu",
        "phone": "721262110",
        "additional_info": ""
    }
},
{
    "model": "country.shippinginfo",
    "pk": 9,
    "fields": {
        "safe_deleted": false,
        "user": null,
        "first_name": "John",
        "surname": "Doe",
        "street": "Test 1",
        "city": "Test",
        "postal_code": "11111",
        "country": "cz",
        "email": "jdoe@exampl.ecom",
        "phone": "123456789",
        "additional_info": ""
    }
},
{
    "model": "country.shippinginfo",
    "pk": 10,
    "fields": {
        "safe_deleted": false,
        "user": null,
        "first_name": "John",
        "surname": "Doe",
        "street": "Test",
        "city": "Test",
        "postal_code": "1111",
        "country": "cz",
        "email": "jdoe@example.com",
        "phone": "123456789",
        "additional_info": ""
    }
},
{
    "model": "country.shippinginfo",
    "pk": 11,
    "fields": {
        "safe_deleted": false,
        "user": null,
        "first_name": "John",
        "surname": "Doe",
        "street": "Test",
        "city": "Test",
        "postal_code": "1111",
        "country": "cz",
        "email": "jdoe@example.com",
        "phone": "123456789",
        "additional_info": ""
    }
},
{
    "model": "country.shippinginfo",
    "pk": 12,
    "fields": {
        "safe_deleted": false,
        "user": null,
        "first_name": "John",
        "surname": "Doe",
        "street": "Test",
        "city": "Praha",
        "postal_code": "1111",
        "country": "cz",
        "email": "jdoe@example.com",
        "phone": "123456789",
        "additional_info": ""
    }
},
{
    "model": "country.shippinginfo",
    "pk": 13,
    "fields": {
        "safe_deleted": false,
        "user": null,
        "first_name": "j",
        "surname": "j",
        "street": "j",
        "city": "j",
        "postal_code": "a",
        "country": "cz",
        "email": "j@j.cz",
        "phone": "123",
        "additional_info": ""
    }
},
{
    "model": "country.shippinginfo",
    "pk": 14,
    "fields": {
        "safe_deleted": false,
        "user": null,
        "first_name": "Michal",
        "surname": "Pulpan",
        "street": "Malostranska 25",
        "city": "Hradec Kralove",
        "postal_code": "50003",
        "country": "cz",
        "email": "me@michalpulpan.eu",
        "phone": "721262110",
        "additional_info": ""
    }
},
{
    "model": "country.shippinginfo",
    "pk": 15,
    "fields": {
        "safe_deleted": false,
        "user": null,
        "first_name": "Michal",
        "surname": "Půlpán",
        "street": "Aaa",
        "city": "BBB",
        "postal_code": "5555",
        "country": "cz",
        "email": "michal@michalpulpan.cz",
        "phone": "123456789",
        "additional_info": ""
    }
},
{
    "model": "country.billinginfo",
    "pk": 1,
    "fields": {
        "safe_deleted": false,
        "user": null,
        "first_name": "Jane",
        "surname": "Doe",
        "street": "Malostranské nám. 25",
        "city": "Praha",
        "postal_code": "11800",
        "country": "cz",
        "company_name": "ExampleCorp Inc.",
        "company_id": "1234567",
        "vat_number": null
    }
},
{
    "model": "country.billinginfo",
    "pk": 2,
    "fields": {
        "safe_deleted": false,
        "user": null,
        "first_name": "Michal",
        "surname": "Půlpán",
        "street": "Vojenova 7",
        "city": "Hradec Králové",
        "postal_code": "50003",
        "country": "cz",
        "company_name": null,
        "company_id": "123456",
        "vat_number": null
    }
},
{
    "model": "country.billinginfo",
    "pk": 3,
    "fields": {
        "safe_deleted": false,
        "user": null,
        "first_name": "Jan",
        "surname": "Novák",
        "street": "Na Příkopech 1",
        "city": "Praha",
        "postal_code": "11000",
        "country": "cz",
        "company_name": "",
        "company_id": "",
        "vat_number": ""
    }
},
{
    "model": "country.billinginfo",
    "pk": 4,
    "fields": {
        "safe_deleted": false,
        "user": null,
        "first_name": "Jan",
        "surname": "Novák",
        "street": "Ulice 1",
        "city": "Praha",
        "postal_code": "1100",
        "country": "cz",
        "company_name": "",
        "company_id": "",
        "vat_number": ""
    }
},
{
    "model": "country.billinginfo",
    "pk": 5,
    "fields": {
        "safe_deleted": false,
        "user": null,
        "first_name": "michal",
        "surname": "pulpan",
        "street": "ahoj",
        "city": "ads",
        "postal_code": "11",
        "country": "cz",
        "company_name": "",
        "company_id": "",
        "vat_number": ""
    }
},
{
    "model": "country.billinginfo",
    "pk": 6,
    "fields": {
        "safe_deleted": false,
        "user": null,
        "first_name": "michal",
        "surname": "pulpan",
        "street": "Street 1",
        "city": "Praha 8",
        "postal_code": "18000",
        "country": "cz",
        "company_name": "",
        "company_id": "",
        "vat_number": ""
    }
},
{
    "model": "country.billinginfo",
    "pk": 7,
    "fields": {
        "safe_deleted": false,
        "user": null,
        "first_name": "Michal",
        "surname": "Pulpan",
        "street": "vojenova 7",
        "city": "Praha 8",
        "postal_code": "18000",
        "country": "cz",
        "company_name": "",
        "company_id": "",
        "vat_number": ""
    }
},
{
    "model": "country.billinginfo",
    "pk": 8,
    "fields": {
        "safe_deleted": false,
        "user": null,
        "first_name": "Michal",
        "surname": "Půlpán",
        "street": "Piletická 59/43a",
        "city": "Hradec Králové",
        "postal_code": "50003",
        "country": "cz",
        "company_name": "",
        "company_id": "",
        "vat_number": ""
    }
},
{
    "model": "country.billinginfo",
    "pk": 9,
    "fields": {
        "safe_deleted": false,
        "user": null,
        "first_name": "John",
        "surname": "Doe",
        "street": "Test 1",
        "city": "Test",
        "postal_code": "11111",
        "country": "cz",
        "company_name": "",
        "company_id": "",
        "vat_number": ""
    }
},
{
    "model": "country.billinginfo",
    "pk": 10,
    "fields": {
        "safe_deleted": false,
        "user": null,
        "first_name": "John",
        "surname": "Doe",
        "street": "Test",
        "city": "Test",
        "postal_code": "1111",
        "country": "cz",
        "company_name": "",
        "company_id": "",
        "vat_number": ""
    }
},
{
    "model": "country.billinginfo",
    "pk": 11,
    "fields": {
        "safe_deleted": false,
        "user": null,
        "first_name": "John",
        "surname": "Doe",
        "street": "Test",
        "city": "Test",
        "postal_code": "1111",
        "country": "cz",
        "company_name": "",
        "company_id": "",
        "vat_number": ""
    }
},
{
    "model": "country.billinginfo",
    "pk": 12,
    "fields": {
        "safe_deleted": false,
        "user": null,
        "first_name": "John",
        "surname": "Doe",
        "street": "Test",
        "city": "Praha",
        "postal_code": "1111",
        "country": "cz",
        "company_name": "",
        "company_id": "",
        "vat_number": ""
    }
},
{
    "model": "country.billinginfo",
    "pk": 13,
    "fields": {
        "safe_deleted": false,
        "user": null,
        "first_name": "j",
        "surname": "j",
        "street": "j",
        "city": "j",
        "postal_code": "a",
        "country": "cz",
        "company_name": "",
        "company_id": "",
        "vat_number": ""
    }
},
{
    "model": "country.billinginfo",
    "pk": 14,
    "fields": {
        "safe_deleted": false,
        "user": null,
        "first_name": "Michal",
        "surname": "Pulpan",
        "street": "Malostranska 25",
        "city": "Hradec Kralove",
        "postal_code": "50003",
        "country": "cz",
        "company_name": "",
        "company_id": "",
        "vat_number": ""
    }
},
{
    "model": "country.billinginfo",
    "pk": 15,
    "fields": {
        "safe_deleted": false,
        "user": null,
        "first_name": "Michal",
        "surname": "Půlpán",
        "street": "Aaa",
        "city": "BBB",
        "postal_code": "5555",
        "country": "cz",
        "company_name": "",
        "company_id": "",
        "vat_number": ""
    }
},
{
    "model": "cart.cart",
    "pk": "058b40e2-ddb9-461b-9526-0b2caaccd9c2",
    "fields": {
        "country": "cz",
        "update_at": "2023-06-05T07:42:08.929Z",
        "create_at": "2023-06-05T07:42:08.853Z",
        "pricelist": "CZK_maloobchod",
        "user": [
            "admin@example.com"
        ],
        "billing_info": null,
        "shipping_info": null,
        "payment_method_country": null,
        "shipping_method_country": null
    }
},
{
    "model": "cart.cart",
    "pk": "0c2c7f33-6f9e-42cc-9f72-00c2134dfd35",
    "fields": {
        "country": "cz",
        "update_at": "2023-06-20T20:03:46.641Z",
        "create_at": "2023-06-20T20:03:46.558Z",
        "pricelist": "CZK_maloobchod",
        "user": null,
        "billing_info": null,
        "shipping_info": null,
        "payment_method_country": null,
        "shipping_method_country": null
    }
},
{
    "model": "cart.cart",
    "pk": "16b4af38-8bde-47c3-9f00-55ec6b65ce9e",
    "fields": {
        "country": "cz",
        "update_at": "2023-06-02T13:56:09.715Z",
        "create_at": "2023-06-02T13:56:09.715Z",
        "pricelist": "CZK_maloobchod",
        "user": null,
        "billing_info": 1,
        "shipping_info": 1,
        "payment_method_country": null,
        "shipping_method_country": 1
    }
},
{
    "model": "cart.cart",
    "pk": "174e6051-d4c8-4c02-916e-c2e613d8a71d",
    "fields": {
        "country": "cz",
        "update_at": "2023-05-16T19:07:35.267Z",
        "create_at": "2023-05-16T19:07:35.181Z",
        "pricelist": null,
        "user": null,
        "billing_info": null,
        "shipping_info": null,
        "payment_method_country": null,
        "shipping_method_country": null
    }
},
{
    "model": "cart.cart",
    "pk": "1e967a68-0ace-4c72-8cfb-7e62afffc36f",
    "fields": {
        "country": "cz",
        "update_at": "2023-07-03T13:00:18.351Z",
        "create_at": "2023-07-03T11:50:02.810Z",
        "pricelist": "CZK_maloobchod",
        "user": [
            "michal@test.com"
        ],
        "billing_info": 15,
        "shipping_info": 15,
        "payment_method_country": 1,
        "shipping_method_country": 3
    }
},
{
    "model": "cart.cart",
    "pk": "2a9e20d1-6de2-4f66-a4a4-0427a7196efe",
    "fields": {
        "country": "cz",
        "update_at": "2023-05-26T09:47:28.106Z",
        "create_at": "2023-05-26T09:47:27.977Z",
        "pricelist": "CZK_maloobchod",
        "user": null,
        "billing_info": null,
        "shipping_info": null,
        "payment_method_country": null,
        "shipping_method_country": null
    }
},
{
    "model": "cart.cart",
    "pk": "39999c04-3b2e-4cce-bf80-c9bc1776a3a4",
    "fields": {
        "country": null,
        "update_at": "2023-05-26T09:46:16.012Z",
        "create_at": "2023-05-26T09:46:15.953Z",
        "pricelist": null,
        "user": null,
        "billing_info": null,
        "shipping_info": null,
        "payment_method_country": null,
        "shipping_method_country": null
    }
},
{
    "model": "cart.cart",
    "pk": "3ef2baec-272f-4221-a5f8-3d54effe8fba",
    "fields": {
        "country": "cz",
        "update_at": "2023-06-02T13:58:46.965Z",
        "create_at": "2023-06-02T13:58:46.965Z",
        "pricelist": "CZK_maloobchod",
        "user": null,
        "billing_info": 1,
        "shipping_info": 1,
        "payment_method_country": null,
        "shipping_method_country": 1
    }
},
{
    "model": "cart.cart",
    "pk": "3fd6606f-225e-49f6-af1a-c2477286409a",
    "fields": {
        "country": "cz",
        "update_at": "2023-05-24T09:30:48.086Z",
        "create_at": "2023-05-21T11:40:05.090Z",
        "pricelist": "CZK_maloobchod",
        "user": null,
        "billing_info": 6,
        "shipping_info": 6,
        "payment_method_country": 1,
        "shipping_method_country": 1
    }
},
{
    "model": "cart.cart",
    "pk": "4496d3dd-c354-44db-9812-974de2f98b0f",
    "fields": {
        "country": "cz",
        "update_at": "2023-06-02T13:56:43.842Z",
        "create_at": "2023-06-02T13:56:43.842Z",
        "pricelist": "CZK_maloobchod",
        "user": null,
        "billing_info": 1,
        "shipping_info": 1,
        "payment_method_country": null,
        "shipping_method_country": 1
    }
},
{
    "model": "cart.cart",
    "pk": "4c2f99f6-0376-4574-9190-68dfcc40dbf8",
    "fields": {
        "country": "cz",
        "update_at": "2023-06-02T13:58:43.920Z",
        "create_at": "2023-06-02T13:58:43.920Z",
        "pricelist": "CZK_maloobchod",
        "user": null,
        "billing_info": 1,
        "shipping_info": 1,
        "payment_method_country": null,
        "shipping_method_country": 1
    }
},
{
    "model": "cart.cart",
    "pk": "4ea482d4-b64c-46f8-8a3b-5b8e7df49462",
    "fields": {
        "country": "cz",
        "update_at": "2023-06-02T13:56:37.239Z",
        "create_at": "2023-06-02T13:56:37.239Z",
        "pricelist": "CZK_maloobchod",
        "user": null,
        "billing_info": 1,
        "shipping_info": 1,
        "payment_method_country": null,
        "shipping_method_country": 1
    }
},
{
    "model": "cart.cart",
    "pk": "51665362-e57b-43bd-8846-47f5943eaeb3",
    "fields": {
        "country": null,
        "update_at": "2023-05-26T09:46:22.631Z",
        "create_at": "2023-05-26T09:46:22.592Z",
        "pricelist": null,
        "user": null,
        "billing_info": null,
        "shipping_info": null,
        "payment_method_country": null,
        "shipping_method_country": null
    }
},
{
    "model": "cart.cart",
    "pk": "6c7c1ead-d136-4e54-8987-89b16c77b9c0",
    "fields": {
        "country": "cz",
        "update_at": "2023-05-19T09:06:02.826Z",
        "create_at": "2023-05-19T09:06:02.708Z",
        "pricelist": "CZK_maloobchod",
        "user": null,
        "billing_info": null,
        "shipping_info": null,
        "payment_method_country": null,
        "shipping_method_country": null
    }
},
{
    "model": "cart.cart",
    "pk": "6d279669-2b2c-4f6e-957a-14d92cbd324c",
    "fields": {
        "country": "cz",
        "update_at": "2023-06-12T11:52:27.786Z",
        "create_at": "2023-06-12T09:04:11.621Z",
        "pricelist": "CZK_maloobchod",
        "user": null,
        "billing_info": 7,
        "shipping_info": 7,
        "payment_method_country": null,
        "shipping_method_country": 1
    }
},
{
    "model": "cart.cart",
    "pk": "70e25d64-c201-4855-9f39-047641aaa14b",
    "fields": {
        "country": "cz",
        "update_at": "2023-06-12T16:03:40.148Z",
        "create_at": "2023-06-12T16:03:02.629Z",
        "pricelist": "CZK_maloobchod",
        "user": null,
        "billing_info": 12,
        "shipping_info": 12,
        "payment_method_country": 6,
        "shipping_method_country": 1
    }
},
{
    "model": "cart.cart",
    "pk": "8d251ee7-469c-45c6-874f-b14983a89cda",
    "fields": {
        "country": "cz",
        "update_at": "2023-05-19T09:06:48.124Z",
        "create_at": "2023-05-19T09:06:48.005Z",
        "pricelist": "CZK_maloobchod",
        "user": null,
        "billing_info": null,
        "shipping_info": null,
        "payment_method_country": null,
        "shipping_method_country": null
    }
},
{
    "model": "cart.cart",
    "pk": "8d69e1c1-1cd4-4745-bd39-ef9882e9a8ef",
    "fields": {
        "country": "cz",
        "update_at": "2023-06-02T13:58:43.924Z",
        "create_at": "2023-06-02T13:58:43.924Z",
        "pricelist": "CZK_maloobchod",
        "user": null,
        "billing_info": 1,
        "shipping_info": 1,
        "payment_method_country": 6,
        "shipping_method_country": 1
    }
},
{
    "model": "cart.cart",
    "pk": "a3e78b34-9288-491e-864b-00598cf7a342",
    "fields": {
        "country": "cz",
        "update_at": "2023-06-02T13:56:15.899Z",
        "create_at": "2023-06-02T13:56:15.899Z",
        "pricelist": "CZK_maloobchod",
        "user": null,
        "billing_info": 1,
        "shipping_info": 1,
        "payment_method_country": null,
        "shipping_method_country": 1
    }
},
{
    "model": "cart.cart",
    "pk": "a3fb5406-a210-40a8-9ed8-515fdcdea4cf",
    "fields": {
        "country": "cz",
        "update_at": "2023-06-02T13:56:56.598Z",
        "create_at": "2023-06-02T13:56:56.598Z",
        "pricelist": "CZK_maloobchod",
        "user": null,
        "billing_info": 1,
        "shipping_info": 1,
        "payment_method_country": null,
        "shipping_method_country": 1
    }
},
{
    "model": "cart.cart",
    "pk": "a48e9aa5-6a96-47f9-9a18-a1e99ab4f2f9",
    "fields": {
        "country": "cz",
        "update_at": "2023-06-05T08:18:34.275Z",
        "create_at": "2023-06-02T14:01:40.937Z",
        "pricelist": "CZK_maloobchod",
        "user": null,
        "billing_info": 1,
        "shipping_info": 1,
        "payment_method_country": 6,
        "shipping_method_country": 1
    }
},
{
    "model": "cart.cart",
    "pk": "a78815a6-d16d-4b13-a49d-a246a5026aba",
    "fields": {
        "country": "cz",
        "update_at": "2023-06-12T15:36:02.028Z",
        "create_at": "2023-06-12T15:34:52.429Z",
        "pricelist": "CZK_maloobchod",
        "user": null,
        "billing_info": 8,
        "shipping_info": 8,
        "payment_method_country": 6,
        "shipping_method_country": 1
    }
},
{
    "model": "cart.cart",
    "pk": "a7aa553a-35b2-4fdd-95dc-998dd4f79a93",
    "fields": {
        "country": "cz",
        "update_at": "2023-06-02T13:55:13.612Z",
        "create_at": "2023-06-02T13:55:13.612Z",
        "pricelist": "CZK_maloobchod",
        "user": null,
        "billing_info": 1,
        "shipping_info": 1,
        "payment_method_country": null,
        "shipping_method_country": 1
    }
},
{
    "model": "cart.cart",
    "pk": "acb5088e-6498-4961-9c87-d5593f689829",
    "fields": {
        "country": null,
        "update_at": "2023-05-16T19:04:03.775Z",
        "create_at": "2023-05-16T19:04:03.734Z",
        "pricelist": null,
        "user": null,
        "billing_info": null,
        "shipping_info": null,
        "payment_method_country": null,
        "shipping_method_country": null
    }
},
{
    "model": "cart.cart",
    "pk": "b3352f7a-1a72-4825-81b4-c1a50449f3d1",
    "fields": {
        "country": "cz",
        "update_at": "2023-06-13T09:14:32.398Z",
        "create_at": "2023-06-13T09:14:32.313Z",
        "pricelist": "CZK_maloobchod",
        "user": null,
        "billing_info": null,
        "shipping_info": null,
        "payment_method_country": null,
        "shipping_method_country": null
    }
},
{
    "model": "cart.cart",
    "pk": "b77677c8-7a91-415e-93c7-81054220fb62",
    "fields": {
        "country": "cz",
        "update_at": "2023-06-12T15:58:26.405Z",
        "create_at": "2023-06-12T15:57:05.393Z",
        "pricelist": "CZK_maloobchod",
        "user": null,
        "billing_info": 10,
        "shipping_info": 10,
        "payment_method_country": null,
        "shipping_method_country": 1
    }
},
{
    "model": "cart.cart",
    "pk": "ba6e9264-07d6-447e-97b3-642c166a1fd2",
    "fields": {
        "country": "cz",
        "update_at": "2023-06-19T12:00:20.943Z",
        "create_at": "2023-06-16T15:03:39.551Z",
        "pricelist": "CZK_maloobchod",
        "user": [
            "admin@example.com"
        ],
        "billing_info": 14,
        "shipping_info": 14,
        "payment_method_country": 7,
        "shipping_method_country": 3
    }
},
{
    "model": "cart.cart",
    "pk": "bb354f16-7cf3-4e8c-af1a-282c72157c48",
    "fields": {
        "country": "cz",
        "update_at": "2023-06-13T07:44:09.162Z",
        "create_at": "2023-06-13T07:44:09.073Z",
        "pricelist": "CZK_maloobchod",
        "user": null,
        "billing_info": null,
        "shipping_info": null,
        "payment_method_country": null,
        "shipping_method_country": null
    }
},
{
    "model": "cart.cart",
    "pk": "bbe1dd32-c328-406e-a042-7c868aa16230",
    "fields": {
        "country": "cz",
        "update_at": "2023-05-16T19:07:57.892Z",
        "create_at": "2023-05-16T19:07:57.828Z",
        "pricelist": null,
        "user": null,
        "billing_info": null,
        "shipping_info": null,
        "payment_method_country": null,
        "shipping_method_country": null
    }
},
{
    "model": "cart.cart",
    "pk": "cb46c049-6879-44f8-a49c-2b7bbe5284a0",
    "fields": {
        "country": null,
        "update_at": "2023-05-16T19:03:02.554Z",
        "create_at": "2023-05-16T19:03:02.493Z",
        "pricelist": null,
        "user": null,
        "billing_info": null,
        "shipping_info": null,
        "payment_method_country": null,
        "shipping_method_country": null
    }
},
{
    "model": "cart.cart",
    "pk": "cc37ef37-b76d-4e65-9bb8-37e95fd1e2d9",
    "fields": {
        "country": "cz",
        "update_at": "2023-06-12T16:04:47.335Z",
        "create_at": "2023-06-12T16:04:27.594Z",
        "pricelist": "CZK_maloobchod",
        "user": null,
        "billing_info": 13,
        "shipping_info": 13,
        "payment_method_country": null,
        "shipping_method_country": 1
    }
},
{
    "model": "cart.cart",
    "pk": "d61047de-1557-4b9b-9498-f6b60af52977",
    "fields": {
        "country": "cz",
        "update_at": "2023-06-12T15:53:27.982Z",
        "create_at": "2023-06-12T15:52:51.489Z",
        "pricelist": "CZK_maloobchod",
        "user": null,
        "billing_info": 9,
        "shipping_info": 9,
        "payment_method_country": 6,
        "shipping_method_country": 1
    }
},
{
    "model": "cart.cart",
    "pk": "d9a1deb9-d559-4d3d-841a-e0e6c4c9ff8f",
    "fields": {
        "country": "cz",
        "update_at": "2023-06-02T14:01:40.933Z",
        "create_at": "2023-06-02T14:01:40.934Z",
        "pricelist": "CZK_maloobchod",
        "user": null,
        "billing_info": 1,
        "shipping_info": 1,
        "payment_method_country": null,
        "shipping_method_country": 1
    }
},
{
    "model": "cart.cart",
    "pk": "e81086b8-af91-4d45-9c72-d31f72e69ae6",
    "fields": {
        "country": "cz",
        "update_at": "2023-06-02T13:55:43.346Z",
        "create_at": "2023-06-02T13:55:43.346Z",
        "pricelist": "CZK_maloobchod",
        "user": null,
        "billing_info": 1,
        "shipping_info": 1,
        "payment_method_country": null,
        "shipping_method_country": 1
    }
},
{
    "model": "cart.cart",
    "pk": "e8a06e65-eada-4316-a5e4-f5a8af6bce90",
    "fields": {
        "country": "cz",
        "update_at": "2023-06-02T13:58:46.967Z",
        "create_at": "2023-06-02T13:58:46.967Z",
        "pricelist": "CZK_maloobchod",
        "user": null,
        "billing_info": 1,
        "shipping_info": 1,
        "payment_method_country": 6,
        "shipping_method_country": 1
    }
},
{
    "model": "cart.cart",
    "pk": "ef086243-1458-4302-817f-1bd86b69a27d",
    "fields": {
        "country": "cz",
        "update_at": "2023-06-12T15:58:43.602Z",
        "create_at": "2023-06-12T15:57:31.686Z",
        "pricelist": "CZK_maloobchod",
        "user": null,
        "billing_info": 11,
        "shipping_info": 11,
        "payment_method_country": 6,
        "shipping_method_country": 1
    }
},
{
    "model": "cart.cart",
    "pk": "f35ee622-2a38-4875-8ece-ee93599ff064",
    "fields": {
        "country": "cz",
        "update_at": "2023-05-20T07:21:51.211Z",
        "create_at": "2023-05-19T18:41:00.335Z",
        "pricelist": "CZK_maloobchod",
        "user": null,
        "billing_info": 5,
        "shipping_info": 5,
        "payment_method_country": null,
        "shipping_method_country": null
    }
},
{
    "model": "cart.cart",
    "pk": "f95a7979-e682-42e2-bfd6-207782c72290",
    "fields": {
        "country": "cz",
        "update_at": "2023-05-19T08:16:08.101Z",
        "create_at": "2023-05-16T19:09:31.198Z",
        "pricelist": "CZK_maloobchod",
        "user": null,
        "billing_info": 3,
        "shipping_info": 3,
        "payment_method_country": null,
        "shipping_method_country": null
    }
},
{
    "model": "cart.cart",
    "pk": "fa54ced9-5699-45cd-92f8-5cf6b5da402f",
    "fields": {
        "country": "cz",
        "update_at": "2023-05-19T09:11:10.815Z",
        "create_at": "2023-05-19T09:09:50.024Z",
        "pricelist": "CZK_maloobchod",
        "user": null,
        "billing_info": 4,
        "shipping_info": 4,
        "payment_method_country": null,
        "shipping_method_country": null
    }
},
{
    "model": "admin.logentry",
    "pk": 1,
    "fields": {
        "action_time": "2023-05-04T14:35:59.715Z",
        "user": [
            "admin@example.com"
        ],
        "content_type": [
            "country",
            "country"
        ],
        "object_id": "cz",
        "object_repr": "Country object (cz)",
        "action_flag": 1,
        "change_message": "[{\"added\": {}}]"
    }
},
{
    "model": "admin.logentry",
    "pk": 2,
    "fields": {
        "action_time": "2023-05-04T14:36:16.977Z",
        "user": [
            "admin@example.com"
        ],
        "content_type": [
            "country",
            "country"
        ],
        "object_id": "de",
        "object_repr": "Country object (de)",
        "action_flag": 1,
        "change_message": "[{\"added\": {}}]"
    }
}
]
